{
  "type" : "FeatureCollection", 
  "features" : [
    {
      "type" : "Feature", 
      "geometry" : 
      {
        "type" : "LineString", 
        "coordinates" : 
        [
          [-122.678521635182, 45.5478413090048], 
          [-122.678368635919, 45.5473733084275], 
          [-122.678116636024, 45.54697730838], 
          [-122.677837635466, 45.5466263087366], 
          [-122.677468634497, 45.5462393092833], 
          [-122.677045634898, 45.5458163086474], 
          [-122.676784634782, 45.5454473086658], 
          [-122.676613635078, 45.5450693090271], 
          [-122.67640663449, 45.5446733084771], 
          [-122.676316634977, 45.5444573087172], 
          [-122.676271633873, 45.544232308242], 
          [-122.676244634108, 45.5439533085665], 
          [-122.676280634093, 45.5438003089074], 
          [-122.676289635212, 45.5437013086841], 
          [-122.676352634962, 45.543476308329], 
          [-122.676496634003, 45.5431163087818], 
          [-122.676730633457, 45.5428553088168]
        ]
      }, 
      "properties" : {
        "NAME" : "Exit"
      }
    }, 
    {
      "type" : "Feature", 
      "geometry" : 
      {
        "type" : "LineString", 
        "coordinates" : 
        [
          [-122.666722625047, 45.5084393074535], 
          [-122.666488624696, 45.5085833077043], 
          [-122.666281625006, 45.5087273075867], 
          [-122.666164624831, 45.5089073072364], 
          [-122.666101625081, 45.5091233075671], 
          [-122.666083625538, 45.5093303078931], 
          [-122.666146626185, 45.5098343079944], 
          [-122.666281625006, 45.5102213080781], 
          [-122.666524626477, 45.5107433081774], 
          [-122.666722625946, 45.5113463076599], 
          [-122.666866625886, 45.5116613075924], 
          [-122.667028626267, 45.5118413079314], 
          [-122.667172626207, 45.5120393083318], 
          [-122.667226626634, 45.5122463073762], 
          [-122.667244627076, 45.5124803073496], 
          [-122.667172626207, 45.5134793079145], 
          [-122.667136626222, 45.5141723081308], 
          [-122.667100627136, 45.5149733081635], 
          [-122.667091626915, 45.5152703083407], 
          [-122.667019626945, 45.5165393077496], 
          [-122.666983627858, 45.5168903082659], 
          [-122.666947626975, 45.5170433081285], 
          [-122.666920628109, 45.5173403087107], 
          [-122.666821627476, 45.5178083081254], 
          [-122.666794627712, 45.5179793086352], 
          [-122.666677627536, 45.5184293085538], 
          [-122.666542627817, 45.5187803086104], 
          [-122.666083628233, 45.5200313082077], 
          [-122.665651627514, 45.5212733091594], 
          [-122.66519262793, 45.522479308886], 
          [-122.665111627739, 45.5228573080822], 
          [-122.665120628858, 45.5242433087904], 
          [-122.665120628858, 45.5252693088084], 
          [-122.665120629757, 45.5253413088468], 
          [-122.665102629315, 45.5269703090801], 
          [-122.665120629757, 45.5281403090051], 
          [-122.665111629536, 45.5285453088278], 
          [-122.665111630434, 45.5298593092768], 
          [-122.665120630655, 45.5306333088817], 
          [-122.665327630344, 45.5319383096706], 
          [-122.665840631254, 45.5336033095922], 
          [-122.666110630692, 45.5342423091805], 
          [-122.666623631601, 45.5349443092657], 
          [-122.667595631197, 45.536051308657], 
          [-122.668531631705, 45.5371133094614], 
          [-122.669125631907, 45.5377433091415], 
          [-122.669953632461, 45.5385533091451], 
          [-122.670619633531, 45.5393453093597], 
          [-122.67088063185, 45.5396873091783], 
          [-122.671789633493, 45.5408393092235], 
          [-122.672725634001, 45.5419463089611], 
          [-122.673031633425, 45.5422523085165], 
          [-122.673193633807, 45.5424233095967], 
          [-122.673544633436, 45.5428463093388], 
          [-122.674021633462, 45.5433413086903], 
          [-122.674426634416, 45.5437463085213], 
          [-122.674534634371, 45.5438723091319], 
          [-122.674921634884, 45.5442413087565], 
          [-122.67538063357, 45.5446463090244], 
          [-122.675722633877, 45.5449433085827], 
          [-122.676019634876, 45.5452403084594], 
          [-122.677576634452, 45.5467883083604], 
          [-122.677765635496, 45.5469683089327], 
          [-122.678521635182, 45.5478413090048], 
          [-122.678566636286, 45.5497403090002], 
          [-122.67859363605, 45.550838308895], 
          [-122.678620636712, 45.5521433088093], 
          [-122.678611636492, 45.5533493084005], 
          [-122.678620637611, 45.5538443089943], 
          [-122.678620636712, 45.554645309663], 
          [-122.678620637611, 45.5554913088493], 
          [-122.678620636712, 45.5560403093966], 
          [-122.678602637169, 45.5564813088284], 
          [-122.678602638067, 45.5566523093972], 
          [-122.678521637876, 45.5590463098935], 
          [-122.678611638288, 45.5624303092275], 
          [-122.678611638288, 45.562547309997], 
          [-122.678620639407, 45.5626463091031], 
          [-122.678602638966, 45.5663453098434], 
          [-122.678620640306, 45.5677403096537], 
          [-122.678593640541, 45.5699453104876], 
          [-122.678566640777, 45.5719433096996], 
          [-122.678566640777, 45.5724383099876], 
          [-122.678566640777, 45.5726453106322], 
          [-122.678548641234, 45.5734463105315], 
          [-122.678539640115, 45.5739413101486], 
          [-122.678521640571, 45.5752463098906], 
          [-122.67852164147, 45.5758403103673], 
          [-122.678530641691, 45.5771093101425], 
          [-122.678521642368, 45.5775413106133], 
          [-122.678521643266, 45.5836433113317], 
          [-122.678665643206, 45.5841203107711], 
          [-122.678854643352, 45.5846963104097], 
          [-122.679520644422, 45.5861453114019], 
          [-122.680321644314, 45.5876393107207], 
          [-122.680429644269, 45.5879183110235], 
          [-122.680798644339, 45.5888003107476], 
          [-122.68102364447, 45.5892413107559], 
          [-122.681113644882, 45.5894303106867], 
          [-122.683327645308, 45.593543311432], 
          [-122.683723646939, 45.5946413108], 
          [-122.683975645936, 45.5957393113138], 
          [-122.68422764673, 45.5974403114667], 
          [-122.684209646288, 45.5981693105635], 
          [-122.684119646775, 45.5986463110155], 
          [-122.683921646408, 45.5992403109377], 
          [-122.683786647587, 45.5998073108826], 
          [-122.683336648224, 45.6018413113168], 
          [-122.683318647782, 45.6018683109406], 
          [-122.682706648037, 45.6045233112622], 
          [-122.682400647715, 45.6055853121573], 
          [-122.681977648116, 45.606278311637], 
          [-122.681869648161, 45.6064763119808], 
          [-122.681104648255, 45.6077813121033], 
          [-122.680627649127, 45.6086453121183], 
          [-122.680267648378, 45.6093203118444], 
          [-122.679673649075, 45.6104543121511], 
          [-122.678224649454, 45.6132443130869], 
          [-122.677990648204, 45.6137573119223], 
          [-122.677225649196, 45.6149453128704], 
          [-122.675027916362, 45.6180311110711]
        ]
      }, 
      "properties" : {
        "NAME" : "5"
      }
    }, 
    {
      "type" : "Feature", 
      "geometry" : 
      {
        "type" : "LineString", 
        "coordinates" : 
        [
          [-122.683327645308, 45.593543311432], 
          [-122.683237645794, 45.5945063115054], 
          [-122.683822647572, 45.597944311457], 
          [-122.683912646187, 45.5986103111228], 
          [-122.683921646408, 45.5992403109377]
        ]
      }, 
      "properties" : {
        "NAME" : "5"
      }
    }, 
    {
      "type" : "Feature", 
      "geometry" : 
      {
        "type" : "LineString", 
        "coordinates" : 
        [
          [-122.57881061404, 45.5227583175593], 
          [-122.57881061404, 45.5235413173746], 
          [-122.578810615836, 45.5245403179411], 
          [-122.578810614938, 45.5251433181171], 
          [-122.578810614938, 45.5263583175601], 
          [-122.578810615836, 45.5283383181352], 
          [-122.578801615615, 45.5291123172737], 
          [-122.578810615836, 45.5294363181852], 
          [-122.578792616293, 45.5301473181013], 
          [-122.578810616735, 45.5308403181883], 
          [-122.578792616293, 45.5315423179477], 
          [-122.578810616735, 45.532343318015], 
          [-122.578801617412, 45.5325323181421], 
          [-122.578810616735, 45.5327393179422], 
          [-122.578819616955, 45.5335133181867], 
          [-122.578810616735, 45.5337383181399], 
          [-122.578810617633, 45.5340443183179], 
          [-122.578810616735, 45.5344403182237], 
          [-122.578810617633, 45.5349443187044], 
          [-122.578819617854, 45.5355833181573], 
          [-122.578810616735, 45.5364383178371], 
          [-122.578693618355, 45.5373383182924], 
          [-122.578630617708, 45.5380673188487], 
          [-122.578621617487, 45.5386343181306], 
          [-122.578612618164, 45.5390393185215], 
          [-122.578612618164, 45.5394443178828], 
          [-122.578612618164, 45.5401463184643], 
          [-122.578612619063, 45.5409383188909], 
          [-122.578639618827, 45.5426213187741], 
          [-122.578612619961, 45.5445113191158], 
          [-122.578585619299, 45.546374318949], 
          [-122.578540619991, 45.5482193189422], 
          [-122.57853161977, 45.5489393195746], 
          [-122.578513620227, 45.5496233186784], 
          [-122.578522620448, 45.5499203189919], 
          [-122.578513621125, 45.5511443191823], 
          [-122.578468620919, 45.5525393196408], 
          [-122.578414620493, 45.5535383196982], 
          [-122.578423621612, 45.553835318824], 
          [-122.578414621391, 45.5555273187838], 
          [-122.578423621612, 45.5567063194002], 
          [-122.578405622068, 45.5573993198824], 
          [-122.578342622319, 45.5580293193086], 
          [-122.578333622098, 45.5582363195911], 
          [-122.578315621657, 45.5587403199891], 
          [-122.578315621657, 45.5593433201637], 
          [-122.578315621657, 45.5599463195277], 
          [-122.578315622555, 45.5602433200088]
        ]
      }, 
      "properties" : {
        "NAME" : "82nd"
      }
    }, 
    {
      "type" : "Feature", 
      "geometry" : 
      {
        "type" : "LineString", 
        "coordinates" : 
        [
          [-122.577406622709, 45.5627543200502], 
          [-122.57741562293, 45.5616383197702], 
          [-122.577433622473, 45.5614043198622], 
          [-122.577487622001, 45.5612243196085], 
          [-122.5776136215, 45.561044320036], 
          [-122.577874621616, 45.5607203194782], 
          [-122.578144621953, 45.5604863195206], 
          [-122.578315622555, 45.5602433200088]
        ]
      }, 
      "properties" : {
        "NAME" : "82nd"
      }
    }, 
    {
      "type" : "Feature", 
      "geometry" : 
      {
        "type" : "LineString", 
        "coordinates" : 
        [
          [-122.684209646288, 45.5981693105635], 
          [-122.684542647272, 45.5974583111627], 
          [-122.6850196464, 45.596342310922], 
          [-122.685352646486, 45.5950823108006], 
          [-122.685523647088, 45.5943443105402], 
          [-122.685820646291, 45.5933453107024], 
          [-122.686216645228, 45.5920403110769]
        ]
      }, 
      "properties" : {
        "NAME" : "Denver"
      }
    }, 
    {
      "type" : "Feature", 
      "geometry" : 
      {
        "type" : "LineString", 
        "coordinates" : 
        [
          [-122.686765645224, 45.5902313106634], 
          [-122.68681964565, 45.5900423102866], 
          [-122.686720645018, 45.5893403105895], 
          [-122.686819644752, 45.585938310227], 
          [-122.686810644531, 45.5856503099741], 
          [-122.686819644752, 45.5845343100478]
        ]
      }, 
      "properties" : {
        "NAME" : "Denver"
      }
    }, 
    {
      "type" : "Feature", 
      "geometry" : 
      {
        "type" : "LineString", 
        "coordinates" : 
        [
          [-122.671654631079, 45.5330273082434], 
          [-122.673166632246, 45.5352233089716], 
          [-122.674327631987, 45.5365463086853], 
          [-122.674372632193, 45.5371403087565], 
          [-122.674417632399, 45.5377433085123], 
          [-122.674480633046, 45.5384093088228], 
          [-122.674525633252, 45.5390393084542], 
          [-122.675425633776, 45.5395343079767], 
          [-122.675821634509, 45.5397413084297], 
          [-122.676208634123, 45.5399573086915], 
          [-122.676919633603, 45.5403443086061], 
          [-122.676946633367, 45.5408393085944], 
          [-122.677027634456, 45.5419463089611], 
          [-122.67712663419, 45.5424683091985], 
          [-122.67712663419, 45.5426393083634], 
          [-122.677090634205, 45.5430713090696], 
          [-122.677027634456, 45.543971308425], 
          [-122.677027635354, 45.5444393083852], 
          [-122.680627635652, 45.5468423089701], 
          [-122.680654636315, 45.5478413083757], 
          [-122.680699635622, 45.549146308676], 
          [-122.680708635843, 45.5496413085433], 
          [-122.680744636726, 45.550838308895], 
          [-122.680789636034, 45.5521433088093], 
          [-122.680825636917, 45.5533403087154], 
          [-122.681923636909, 45.5543393083734], 
          [-122.681923636909, 45.5546453084049], 
          [-122.681923637807, 45.55544630835], 
          [-122.681923637807, 45.5560043085969], 
          [-122.681932638028, 45.5568413089568], 
          [-122.681932638028, 45.5576423090503], 
          [-122.681941637351, 45.5582723088971], 
          [-122.681941638249, 45.5589833090188], 
          [-122.681941639147, 45.5597663089423], 
          [-122.68195063847, 45.5603873090608], 
          [-122.681950639368, 45.5611793092345], 
          [-122.68195063847, 45.561944308987], 
          [-122.681968638912, 45.5626463091031], 
          [-122.68196863981, 45.5633393099108], 
          [-122.68196863981, 45.5640413089481], 
          [-122.681977639132, 45.5647433092759], 
          [-122.681977640031, 45.5655443092957], 
          [-122.681977639132, 45.5663453092145], 
          [-122.681986640252, 45.5676413094621], 
          [-122.68198664115, 45.5684423096652], 
          [-122.681995640472, 45.5691443097076], 
          [-122.681995641371, 45.5699453092299], 
          [-122.682004640693, 45.5708453102847], 
          [-122.682004640693, 45.5717273097273], 
          [-122.682013640914, 45.5726453100034], 
          [-122.682013641812, 45.5735453099236], 
          [-122.682013641812, 45.5739413101486], 
          [-122.682022642033, 45.5752823096791], 
          [-122.681986642947, 45.5771273100713], 
          [-122.682022642033, 45.5778383098737], 
          [-122.682022642932, 45.5781443101933], 
          [-122.682022642033, 45.5785403106835], 
          [-122.682022642932, 45.5788463103212], 
          [-122.682022642033, 45.579341310125], 
          [-122.682022642932, 45.5795393099564], 
          [-122.682022642033, 45.5800433103776], 
          [-122.682022642932, 45.5802413102484], 
          [-122.682022642033, 45.5807453100269], 
          [-122.682022642932, 45.5810423099447], 
          [-122.68202264383, 45.5813393101775], 
          [-122.682022642932, 45.5816453102794], 
          [-122.68202264383, 45.5821403099273], 
          [-122.682625643354, 45.5824463100645], 
          [-122.683912643492, 45.5830853102247], 
          [-122.684533643458, 45.5834003101422], 
          [-122.68534364357, 45.5837963106563], 
          [-122.686819644752, 45.5845343100478]
        ]
      }, 
      "properties" : {
        "NAME" : "Interstate"
      }
    }, 
    {
      "type" : "Feature", 
      "geometry" : 
      {
        "type" : "LineString", 
        "coordinates" : 
        [
          [-122.661241633393, 45.5481293106656], 
          [-122.661250633614, 45.5494973108273], 
          [-122.661250633614, 45.5507123106875], 
          [-122.661268634056, 45.552044311327], 
          [-122.661277634276, 45.5532863105741], 
          [-122.661277634276, 45.5545463109267], 
          [-122.661286634497, 45.5554463114951], 
          [-122.661286635396, 45.556346310859], 
          [-122.661295634718, 45.5573453111744], 
          [-122.661295634718, 45.5576423115662], 
          [-122.661295635616, 45.5590463105224], 
          [-122.661304635837, 45.5600453112667], 
          [-122.661304635837, 45.5605853109371], 
          [-122.661304635837, 45.5611433110983], 
          [-122.66131363516, 45.5616383115939], 
          [-122.661313636058, 45.5618453111597], 
          [-122.661313636058, 45.5626823113077], 
          [-122.661322636279, 45.5634383113949], 
          [-122.661322636279, 45.563834311813], 
          [-122.661322635381, 45.5640413108348], 
          [-122.661421636911, 45.5648423114304], 
          [-122.661430636234, 45.565130311503], 
          [-122.661421636911, 45.5655443111825], 
          [-122.661367637383, 45.5663633113356], 
          [-122.661295636515, 45.567443312329], 
          [-122.66127763787, 45.5677403115403], 
          [-122.661232636765, 45.5683253117399], 
          [-122.661187637458, 45.5690453119906], 
          [-122.661124637709, 45.5700173111782], 
          [-122.661106638165, 45.57174531201], 
          [-122.661124638607, 45.5732393122104], 
          [-122.661151638371, 45.5744453123987], 
          [-122.661178638135, 45.5749403120136], 
          [-122.661196639475, 45.5756423125833], 
          [-122.661214639019, 45.5764883125245], 
          [-122.661187639255, 45.5772173121437], 
          [-122.661223638341, 45.5779463123591], 
          [-122.66123263946, 45.5786573124802], 
          [-122.66122363924, 45.5789543127541], 
          [-122.661277639666, 45.5804303128176], 
          [-122.661286640785, 45.5810243125284], 
          [-122.66131364055, 45.5819783128778], 
          [-122.661637640415, 45.5826443121492], 
          [-122.662069640235, 45.5834453121416], 
          [-122.662618640231, 45.5844803129667], 
          [-122.663509640534, 45.5861453126592], 
          [-122.663824641076, 45.5867393122572], 
          [-122.664013641222, 45.587108312681], 
          [-122.664301642, 45.5876933129357], 
          [-122.666227642546, 45.590744312519], 
          [-122.66683964319, 45.5917703122213], 
          [-122.667388643185, 45.5926523123908], 
          [-122.667622643537, 45.5930393127723], 
          [-122.669026644749, 45.5954423124649], 
          [-122.672122644359, 45.5975393125517], 
          [-122.678125647024, 45.6019403121786]
        ]
      }, 
      "properties" : {
        "NAME" : "Martin Luther King"
      }
    }, 
    {
      "type" : "Feature", 
      "geometry" : 
      {
        "type" : "LineString", 
        "coordinates" : 
        [
          [-122.661520629459, 45.5299133091559], 
          [-122.661475629253, 45.5306423090559], 
          [-122.661511630137, 45.5314433093554], 
          [-122.661493629695, 45.5321453097691], 
          [-122.661475629253, 45.5328383097797], 
          [-122.661448629489, 45.5335313100608], 
          [-122.661430629946, 45.5342243093536], 
          [-122.661403629283, 45.5349173095455], 
          [-122.661385630638, 45.5356283093902], 
          [-122.661367631095, 45.536411310025], 
          [-122.661340630432, 45.5369423098495], 
          [-122.661322629991, 45.5377433097707], 
          [-122.661313630668, 45.5379413102619], 
          [-122.661295631125, 45.5384453095671], 
          [-122.661286630904, 45.5388413099419], 
          [-122.661277631581, 45.5391383099658], 
          [-122.661268631361, 45.5396423104966], 
          [-122.661241630698, 45.5401463096557], 
          [-122.661223632053, 45.5406413101287], 
          [-122.661223631155, 45.5409383100824], 
          [-122.661214630934, 45.5417393103344], 
          [-122.661223631155, 45.5425943101568], 
          [-122.661223632053, 45.5435843101973], 
          [-122.661223632053, 45.5445743104203], 
          [-122.661232632274, 45.5454743102503], 
          [-122.661232633172, 45.5460413103322], 
          [-122.661232632274, 45.5463383106991], 
          [-122.661241632495, 45.5467433103292], 
          [-122.661241632495, 45.547139310767], 
          [-122.661241632495, 45.547445310996], 
          [-122.661241632495, 45.5478323103249]
        ]
      }, 
      "properties" : {
        "NAME" : "Martin Luther King"
      }
    }, 
    {
      "type" : "Feature", 
      "geometry" : 
      {
        "type" : "LineString", 
        "coordinates" : 
        [
          [-122.679826647439, 45.6031463111654], 
          [-122.679646646616, 45.6030203121181], 
          [-122.678710647005, 45.6023723113811], 
          [-122.678125647024, 45.6019403121786]
        ]
      }, 
      "properties" : {
        "NAME" : "Union"
      }
    }, 
    {
      "type" : "Feature", 
      "geometry" : 
      {
        "type" : "LineString", 
        "coordinates" : 
        [
          [-122.661367631095, 45.536411310025], 
          [-122.660512630777, 45.536411310025]
        ]
      }, 
      "properties" : {
        "NAME" : "Hancock"
      }
    }, 
    {
      "type" : "Feature", 
      "geometry" : 
      {
        "type" : "LineString", 
        "coordinates" : 
        [
          [-122.686765645224, 45.5902313106634], 
          [-122.686990645355, 45.5905463100865], 
          [-122.686540645991, 45.5909693103206]
        ]
      }, 
      "properties" : {
        "NAME" : "99 Ramp"
      }
    }, 
    {
      "type" : "Feature", 
      "geometry" : 
      {
        "type" : "LineString", 
        "coordinates" : 
        [
          [-122.686216645228, 45.5920403110769], 
          [-122.686540645991, 45.5909693103206], 
          [-122.686612645961, 45.590735310652], 
          [-122.686765645224, 45.5902313106634]
        ]
      }, 
      "properties" : {
        "NAME" : "Denver"
      }
    }, 
    {
      "type" : "Feature", 
      "geometry" : 
      {
        "type" : "LineString", 
        "coordinates" : 
        [
          [-122.661241632495, 45.5478323103249], 
          [-122.661241633393, 45.5481293106656]
        ]
      }, 
      "properties" : {
        "NAME" : "Martin Luther King"
      }
    }, 
    {
      "type" : "Feature", 
      "geometry" : 
      {
        "type" : "LineString", 
        "coordinates" : 
        [
          [-122.672626631572, 45.5324423080325], 
          [-122.67231163103, 45.532631307827], 
          [-122.671654631079, 45.5330273082434]
        ]
      }, 
      "properties" : {
        "NAME" : "Broadway"
      }
    }, 
    {
      "type" : "Feature", 
      "geometry" : 
      {
        "type" : "LineString", 
        "coordinates" : 
        [
          [-122.672626631572, 45.5324423080325], 
          [-122.673922631931, 45.5317403081794]
        ]
      }, 
      "properties" : {
        "NAME" : "Broadway Bridge"
      }
    }, 
    {
      "type" : "Feature", 
      "geometry" : 
      {
        "type" : "LineString", 
        "coordinates" : 
        [
          [-122.673922631931, 45.5317403081794], 
          [-122.675119631657, 45.5310383083742], 
          [-122.676001630841, 45.5306243074474]
        ]
      }, 
      "properties" : {
        "NAME" : "Broadway Bridge"
      }
    }, 
    {
      "type" : "Feature", 
      "geometry" : 
      {
        "type" : "LineString", 
        "coordinates" : 
        [
          [-122.683318647782, 45.6018683109406], 
          [-122.68258064764, 45.6028673117724], 
          [-122.682121648056, 45.6029753119858], 
          [-122.681581647382, 45.6030563110667], 
          [-122.680942646974, 45.6030833119913], 
          [-122.679826647439, 45.6031463111654]
        ]
      }, 
      "properties" : {
        "NAME" : "Ramp"
      }
    }, 
    {
      "type" : "Feature", 
      "geometry" : 
      {
        "type" : "LineString", 
        "coordinates" : 
        [
          [-122.676352634962, 45.543476308329], 
          [-122.676217634344, 45.5435213089754], 
          [-122.676019633977, 45.5435393089722], 
          [-122.675848635172, 45.543539308343], 
          [-122.675731634097, 45.5435303083453], 
          [-122.67452563415, 45.5434403082892], 
          [-122.674021633462, 45.5433413086903]
        ]
      }, 
      "properties" : {
        "NAME" : "30"
      }
    }, 
    {
      "type" : "Feature", 
      "geometry" : 
      {
        "type" : "LineString", 
        "coordinates" : 
        [
          [-122.68572163398, 45.5356463068801], 
          [-122.68650463343, 45.535412306971], 
          [-122.687422634395, 45.5351423070277], 
          [-122.688448634417, 45.5349443067487], 
          [-122.68933963472, 45.5349803071945], 
          [-122.690572634431, 45.5353493066597], 
          [-122.691688634865, 45.535583306831], 
          [-122.692525634741, 45.5357453061855], 
          [-122.693884635747, 45.5361503066202], 
          [-122.694541635698, 45.5363573069464], 
          [-122.695990636218, 45.53697830587], 
          [-122.696710636816, 45.5371943060494], 
          [-122.696845636535, 45.5372393066902], 
          [-122.697493636265, 45.5375003062989], 
          [-122.697619636662, 45.5375993061156], 
          [-122.697736636838, 45.537680306408], 
          [-122.69788063588, 45.5378513062926], 
          [-122.697970636291, 45.5381033059695], 
          [-122.697970636291, 45.5382293066428], 
          [-122.697970636291, 45.5391293061176], 
          [-122.697970636291, 45.5392643064322], 
          [-122.697970636291, 45.5401013056787], 
          [-122.69797063719, 45.540884306318], 
          [-122.698024636718, 45.5410463061303]
        ]
      }, 
      "properties" : {
        "NAME" : "30"
      }
    }, 
    {
      "type" : "Feature", 
      "geometry" : 
      {
        "type" : "LineString", 
        "coordinates" : 
        [
          [-122.754598655833, 45.5897993034788], 
          [-122.75494065614, 45.5896013033703], 
          [-122.755318656432, 45.5893673030273], 
          [-122.755525656121, 45.5892413038409], 
          [-122.75639865688, 45.5888633026988], 
          [-122.757172656109, 45.5884763030681], 
          [-122.758108655719, 45.5880623033164], 
          [-122.758810656774, 45.5877023027175], 
          [-122.759800655913, 45.5872343028249], 
          [-122.760745656642, 45.5867753021627], 
          [-122.761573657196, 45.5864153027398], 
          [-122.762221656028, 45.5861453026005]
        ]
      }, 
      "properties" : {
        "NAME" : "Philadelphia"
      }
    }, 
    {
      "type" : "Feature", 
      "geometry" : 
      {
        "type" : "LineString", 
        "coordinates" : 
        [
          [-122.733952645115, 45.5545733031082], 
          [-122.733133645681, 45.5542853036436], 
          [-122.726698644093, 45.5520443037784], 
          [-122.718751643135, 45.5492993051086], 
          [-122.710822639924, 45.546545305604], 
          [-122.706124639634, 45.5451413057389], 
          [-122.702623638172, 45.5440433059139], 
          [-122.699923638398, 45.5422433064253], 
          [-122.699419636811, 45.5419463064444], 
          [-122.698222637085, 45.5411813068756], 
          [-122.698024636718, 45.5410463061303]
        ]
      }, 
      "properties" : {
        "NAME" : "Yeon"
      }
    }, 
    {
      "type" : "Feature", 
      "geometry" : 
      {
        "type" : "LineString", 
        "coordinates" : 
        [
          [-122.589718624769, 45.5627453187266], 
          [-122.590672624821, 45.5629793193387], 
          [-122.592931625453, 45.5638163183153], 
          [-122.595748627199, 45.5651393181046], 
          [-122.598511627621, 45.5664443179791], 
          [-122.5996456267, 45.5669213182568], 
          [-122.600725627148, 45.5672453176423], 
          [-122.604316628124, 45.5678303179661], 
          [-122.606422628594, 45.5681903170721], 
          [-122.609122629267, 45.5686313167316], 
          [-122.61342463062, 45.5693423165664], 
          [-122.614828629137, 45.5695493166736], 
          [-122.616520630229, 45.569846316069], 
          [-122.619121631167, 45.5703413159733], 
          [-122.620345630657, 45.5706023165903]
        ]
      }, 
      "properties" : {
        "NAME" : "Portland"
      }
    }, 
    {
      "type" : "Feature", 
      "geometry" : 
      {
        "type" : "LineString", 
        "coordinates" : 
        [
          [-122.733952645115, 45.5545733031082], 
          [-122.735923645867, 45.556238303318], 
          [-122.739019647273, 45.5576423027603], 
          [-122.742934649011, 45.5608013028109], 
          [-122.743897649284, 45.5615843025576], 
          [-122.744905648864, 45.5623943030878], 
          [-122.745823648931, 45.5631413032747], 
          [-122.746696649691, 45.5637983027995], 
          [-122.747128648613, 45.564122302588], 
          [-122.747893650315, 45.5647253022333], 
          [-122.748721650869, 45.5654453027183], 
          [-122.75112465144, 45.5670383021265], 
          [-122.754022651581, 45.5689463021507], 
          [-122.75925165412, 45.5747063021184], 
          [-122.762320654864, 45.5779463016701], 
          [-122.768125656265, 45.5832383016394], 
          [-122.773426657875, 45.5871443010926], 
          [-122.775919658859, 45.5886113011518], 
          [-122.776819659382, 45.5891423013182], 
          [-122.780824661532, 45.5923463012532], 
          [-122.784820662564, 45.5974853003248], 
          [-122.785009663608, 45.5977103006434], 
          [-122.78545066275, 45.5982953003918], 
          [-122.785927662776, 45.5988893002587], 
          [-122.78639566348, 45.599492301215], 
          [-122.786962663918, 45.6002213006787], 
          [-122.787520663236, 45.6009413004969], 
          [-122.78777266403, 45.6012833013063], 
          [-122.788024663925, 45.6016433008985], 
          [-122.78820466385, 45.6018773009659], 
          [-122.789896664942, 45.6041183007679], 
          [-122.792740666453, 45.6074933007618], 
          [-122.795224666317, 45.6096443003567], 
          [-122.80172693016, 45.6145830932065]
        ]
      }, 
      "properties" : {
        "NAME" : "Saint Helens"
      }
    }, 
    {
      "type" : "Feature", 
      "geometry" : 
      {
        "type" : "LineString", 
        "coordinates" : 
        [
          [-122.567704620909, 45.5625473206889], 
          [-122.568712621388, 45.5626463210528], 
          [-122.570917621593, 45.5626463204239], 
          [-122.573140621341, 45.5626553198766], 
          [-122.576524622627, 45.5627453199844], 
          [-122.577010622874, 45.5627453199844], 
          [-122.577406622709, 45.5627543200502], 
          [-122.578315622555, 45.5627453199844], 
          [-122.584615624424, 45.5627453193555], 
          [-122.585317623682, 45.5627453187266], 
          [-122.585911624782, 45.5627453193555], 
          [-122.586415624572, 45.5627453193555], 
          [-122.587369623726, 45.5627453187266], 
          [-122.58871962541, 45.5627363192883], 
          [-122.589718624769, 45.5627453187266]
        ]
      }, 
      "properties" : {
        "NAME" : "Killingsworth"
      }
    }, 
    {
      "type" : "Feature", 
      "geometry" : 
      {
        "type" : "LineString", 
        "coordinates" : 
        [
          [-122.66680364051, 45.5772443116684], 
          [-122.668423639835, 45.5772443110396], 
          [-122.670646640482, 45.5772443110396], 
          [-122.67272564029, 45.5772443110396], 
          [-122.674507641793, 45.5771723108111], 
          [-122.676118641796, 45.577145310623], 
          [-122.677333641066, 45.5771183110507], 
          [-122.677477641006, 45.577118310422], 
          [-122.678530641691, 45.5771093101425], 
          [-122.679349641125, 45.5771003104903], 
          [-122.679808642506, 45.5771003098615], 
          [-122.680078641944, 45.577118310422], 
          [-122.681986642947, 45.5771273100713], 
          [-122.683021643189, 45.5771453099942], 
          [-122.684119643181, 45.5771453099942], 
          [-122.684623642972, 45.5771453093655], 
          [-122.685226642496, 45.5771453099942], 
          [-122.685721642964, 45.5771453099942], 
          [-122.686027642387, 45.5771453099942], 
          [-122.686720643221, 45.5771453093655], 
          [-122.687125643277, 45.5771453093655], 
          [-122.687827643434, 45.5771453093655], 
          [-122.688025642903, 45.5771453093655], 
          [-122.688619643104, 45.5771453093655], 
          [-122.688925642528, 45.5771453093655], 
          [-122.689726643317, 45.5771453087367], 
          [-122.690023643418, 45.5771453093655], 
          [-122.691022643676, 45.5771453087367], 
          [-122.692201643859, 45.5771453087367], 
          [-122.693326644513, 45.5771453087367], 
          [-122.694325643873, 45.5771453087367], 
          [-122.694721644606, 45.5771453087367], 
          [-122.695423643865, 45.5771453081079], 
          [-122.696422644123, 45.5771453087367], 
          [-122.697124644279, 45.5771453087367], 
          [-122.69742164438, 45.5771453087367], 
          [-122.697709645159, 45.5771453087367], 
          [-122.69808764545, 45.5771453087367], 
          [-122.698789644709, 45.5771813085654], 
          [-122.699167644103, 45.5771813085654], 
          [-122.699824644952, 45.5771543083817], 
          [-122.700319644521, 45.577172308296], 
          [-122.701147645973, 45.5771723076672], 
          [-122.701525646265, 45.5771453081079], 
          [-122.70262364446, 45.5771273081849], 
          [-122.703721646249, 45.5771453074791], 
          [-122.704612645653, 45.5771993078424], 
          [-122.705188645413, 45.577244307267], 
          [-122.705719645866, 45.5772443078958], 
          [-122.706826646079, 45.577244307267], 
          [-122.707879646763, 45.5772443078958], 
          [-122.708950646991, 45.577244307267], 
          [-122.70972464622, 45.5774693076218], 
          [-122.710894646182, 45.5777933071525], 
          [-122.711425646634, 45.5779463067002], 
          [-122.712244647866, 45.5782703072512], 
          [-122.71335164718, 45.57868430754], 
          [-122.71444064785, 45.5789993069998], 
          [-122.715349647696, 45.5793053066511], 
          [-122.71582664862, 45.5794403066699], 
          [-122.716636648732, 45.579782307109], 
          [-122.717419648181, 45.5800433066052], 
          [-122.718292648941, 45.5803583059858], 
          [-122.719120649494, 45.5806463069807], 
          [-122.719903648045, 45.5809163065324], 
          [-122.720227649707, 45.5810423061723], 
          [-122.721325649699, 45.5814383063433], 
          [-122.721622648902, 45.5815463063053], 
          [-122.722504648984, 45.5818703062022], 
          [-122.722720649792, 45.5819423060651], 
          [-122.723341649758, 45.5822123063003], 
          [-122.723854649769, 45.582419306754], 
          [-122.724619649675, 45.5826893059527], 
          [-122.725474650891, 45.5830223061311], 
          [-122.726527649779, 45.583346306312], 
          [-122.72691465119, 45.5834453058546], 
          [-122.727328650568, 45.5835983057188], 
          [-122.728228651092, 45.5838683055344], 
          [-122.729605650743, 45.5843813051902], 
          [-122.731027651499, 45.5848403059382], 
          [-122.732368651165, 45.5851733059316], 
          [-122.733421651849, 45.5854253053102], 
          [-122.734465652313, 45.585677304815], 
          [-122.735878652848, 45.5860103048728], 
          [-122.73660765187, 45.5861993049954], 
          [-122.737579652364, 45.5864243046709], 
          [-122.73857865352, 45.5866673047157], 
          [-122.740270653714, 45.5870813046976], 
          [-122.741971654128, 45.5874863042675], 
          [-122.743708654528, 45.5879093043026], 
          [-122.74558965397, 45.5883503043963], 
          [-122.74690365477, 45.5886743046306], 
          [-122.748154654923, 45.5889803037284], 
          [-122.749018654563, 45.5891873037438], 
          [-122.749189656064, 45.5893133043087]
        ]
      }, 
      "properties" : {
        "NAME" : "Lombard"
      }
    }, 
    {
      "type" : "Feature", 
      "geometry" : 
      {
        "type" : "LineString", 
        "coordinates" : 
        [
          [-122.754598655833, 45.5897993034788], 
          [-122.753914656118, 45.589646303542], 
          [-122.753068656021, 45.589358303454], 
          [-122.752042655101, 45.5890253037694], 
          [-122.750971654873, 45.5889803037284]
        ]
      }, 
      "properties" : {
        "NAME" : "Lombard"
      }
    }, 
    {
      "type" : "Feature", 
      "geometry" : 
      {
        "type" : "LineString", 
        "coordinates" : 
        [
          [-122.66680364051, 45.5772443116684], 
          [-122.664985639021, 45.5772443116684], 
          [-122.663311639269, 45.5772173121437], 
          [-122.661187639255, 45.5772173121437], 
          [-122.659315638237, 45.5772443122972], 
          [-122.65659763892, 45.5771813129668], 
          [-122.654842638078, 45.5771363122342], 
          [-122.653564637263, 45.5768663127399], 
          [-122.651719636908, 45.5764793134016], 
          [-122.649820636127, 45.5760563133844], 
          [-122.646364635769, 45.5755343138407], 
          [-122.643826635479, 45.5751383141592], 
          [-122.639146634732, 45.5742743137929], 
          [-122.637922635242, 45.5740403143274], 
          [-122.636419634296, 45.5737433144724], 
          [-122.635609634184, 45.5735453143253], 
          [-122.632522632999, 45.5730413153169], 
          [-122.630353633677, 45.5725823149459], 
          [-122.626726631819, 45.5719433153591], 
          [-122.622406630922, 45.571043315549], 
          [-122.620408631305, 45.5706113166549], 
          [-122.620345630657, 45.5706023165903]
        ]
      }, 
      "properties" : {
        "NAME" : "Lombard"
      }
    }, 
    {
      "type" : "Feature", 
      "geometry" : 
      {
        "type" : "LineString", 
        "coordinates" : 
        [
          [-122.749189656064, 45.5893133043087], 
          [-122.750521655509, 45.5890433036499], 
          [-122.750971654873, 45.5889803037284]
        ]
      }, 
      "properties" : {
        "NAME" : "Lombard"
      }
    }, 
    {
      "type" : "Feature", 
      "geometry" : 
      {
        "type" : "LineString", 
        "coordinates" : 
        [
          [-122.768125656265, 45.5832383016394], 
          [-122.767423657006, 45.5836433012725], 
          [-122.766820656583, 45.5839403022063], 
          [-122.764219657442, 45.5851463020467], 
          [-122.762221656028, 45.5861453026005]
        ]
      }, 
      "properties" : {
        "NAME" : "Saint Johns Bridge"
      }
    }, 
    {
      "type" : "Feature", 
      "geometry" : 
      {
        "type" : "MultiLineString", 
        "coordinates" : 
        [
          [
            [-122.653087626457, 45.5227763103563], 
            [-122.652322625653, 45.5231003093711], 
            [-122.651314626073, 45.523514310292], 
            [-122.65027962583, 45.5239193106939], 
            [-122.649622625879, 45.5241443100071], 
            [-122.64928062647, 45.5242523106165], 
            [-122.648731626474, 45.5244593100511], 
            [-122.648164626037, 45.5246663106122], 
            [-122.647714626673, 45.5248553107329], 
            [-122.647228625528, 45.525089310512], 
            [-122.646193626184, 45.5254583106793], 
            [-122.645878625641, 45.5255753103805], 
            [-122.645176625484, 45.5258363106281], 
            [-122.644267625638, 45.5261873110484], 
            [-122.643736625185, 45.5263853113198], 
            [-122.64326862538, 45.5265653105041], 
            [-122.642224624917, 45.5269793117285], 
            [-122.641243625101, 45.5273393107543], 
            [-122.640226625299, 45.5277443113096], 
            [-122.639038625794, 45.5281853118564], 
            [-122.638498626019, 45.5284193116288], 
            [-122.638219625461, 45.5285453119744], 
            [-122.638003624653, 45.5286263120924], 
            [-122.636923624204, 45.529040311993], 
            [-122.635627625642, 45.5295443117812], 
            [-122.635042624763, 45.5297693125098], 
            [-122.634169624902, 45.5301113120445], 
            [-122.633323624805, 45.5304713117922], 
            [-122.632477625606, 45.5307683126026], 
            [-122.630353624694, 45.5316593125458], 
            [-122.628931623939, 45.5322623131814], 
            [-122.628022624991, 45.5326403133449], 
            [-122.627149624231, 45.5329643134407], 
            [-122.625610624198, 45.5335403129176], 
            [-122.625304624775, 45.5337023131234], 
            [-122.625106624408, 45.5337923136654], 
            [-122.624998624453, 45.5338643134918], 
            [-122.62481862363, 45.533945313501], 
            [-122.624539624869, 45.5340623137977], 
            [-122.623711623417, 45.534395312826], 
            [-122.622937624188, 45.5347013132047], 
            [-122.622748624043, 45.5347913140357], 
            [-122.622415623957, 45.5349263140681], 
            [-122.621911624166, 45.5351243137812], 
            [-122.621614624065, 45.5352413135128], 
            [-122.621020623864, 45.53549331356], 
            [-122.620714623542, 45.5356463138017], 
            [-122.619769623711, 45.5360423143822], 
            [-122.618653623277, 45.5364833140491], 
            [-122.617717622769, 45.5369063138058], 
            [-122.616718624307, 45.5373383138878], 
            [-122.616187623855, 45.5376173143005], 
            [-122.61587262421, 45.5377343145082], 
            [-122.61491862326, 45.5381033147784], 
            [-122.613631623122, 45.5386073145192], 
            [-122.612794624145, 45.5389313148433], 
            [-122.611723623018, 45.5393453156517], 
            [-122.610715623438, 45.5397323153743], 
            [-122.609581622563, 45.5401913154843], 
            [-122.608393622159, 45.5406413151622], 
            [-122.607610623608, 45.540938315745], 
            [-122.605522622681, 45.5416943158117], 
            [-122.60437062316, 45.5421443160435], 
            [-122.603452623093, 45.5425223158455], 
            [-122.6024806226, 45.5429273165431], 
            [-122.601319622859, 45.5434043164054], 
            [-122.601157623375, 45.5434853158851], 
            [-122.600275621497, 45.5438093164117], 
            [-122.599249622373, 45.5441693165543], 
            [-122.598133622838, 45.5445653168797], 
            [-122.597233622314, 45.5449253165851], 
            [-122.596450622865, 45.5453213166182], 
            [-122.596225622734, 45.5454113168086], 
            [-122.595136622064, 45.5457353175593], 
            [-122.594137622705, 45.5460323176555], 
            [-122.593084621122, 45.5464103171098], 
            [-122.592310621893, 45.5467433172494], 
            [-122.59200462247, 45.5468783175262], 
            [-122.590915620902, 45.547238317518], 
            [-122.589925621764, 45.5477603183178], 
            [-122.58904362258, 45.5481833181653], 
            [-122.588719620918, 45.548363317416], 
            [-122.587702622015, 45.5488133183682], 
            [-122.586640622008, 45.5492183184097], 
            [-122.585623621309, 45.5496143183966], 
            [-122.584588621066, 45.5500193183283], 
            [-122.583571621265, 45.5503883184932], 
            [-122.582536621921, 45.5508023186024], 
            [-122.581816621322, 45.5510453186821], 
            [-122.581411621266, 45.5512163188074], 
            [-122.58050262142, 45.5516033192226], 
            [-122.579503620264, 45.5520713198076], 
            [-122.578468620919, 45.5525393196408], 
            [-122.57594862107, 45.5534933195222], 
            [-122.575813620453, 45.5535383196982], 
            [-122.575417620618, 45.5537453195406], 
            [-122.574436620801, 45.5541503198986], 
            [-122.573410620779, 45.5545463203621], 
            [-122.572060620892, 45.5550863200424], 
            [-122.570206620317, 45.5558153206894], 
            [-122.56972062007, 45.5560043199191], 
            [-122.568613619857, 45.5564453208915], 
            [-122.568234784132, 45.5566097214296]
          ], 
          [
            [-122.567634071719, 45.5568683711131], 
            [-122.567173619558, 45.5570663212321], 
            [-122.566732619517, 45.5572643209734], 
            [-122.565670619511, 45.5576873203708], 
            [-122.564599619283, 45.5580833210693], 
            [-122.563411619777, 45.5583443214048], 
            [-122.562511619254, 45.5586413209192], 
            [-122.561818619318, 45.5589293219605]
          ]
        ]
      }, 
      "properties" : {
        "NAME" : "Sandy"
      }
    }, 
    {
      "type" : "Feature", 
      "geometry" : 
      {
        "type" : "LineString", 
        "coordinates" : 
        [
          [-122.674021633462, 45.5433413086903], 
          [-122.673391634173, 45.5429453091803]
        ]
      }, 
      "properties" : {
        "NAME" : "30"
      }
    }, 
    {
      "type" : "Feature", 
      "geometry" : 
      {
        "type" : "LineString", 
        "coordinates" : 
        [
          [-122.673391634173, 45.5429453091803], 
          [-122.673220634469, 45.5428463087097], 
          [-122.672725634001, 45.5425133087643], 
          [-122.672338632591, 45.5421263086792], 
          [-122.672221633313, 45.5419463089611], 
          [-122.672086633594, 45.54169430952], 
          [-122.671924632314, 45.5412533091959], 
          [-122.671789633493, 45.5408393092235]
        ]
      }, 
      "properties" : {
        "NAME" : "Exit"
      }
    }, 
    {
      "type" : "Feature", 
      "geometry" : 
      {
        "type" : "LineString", 
        "coordinates" : 
        [
          [-122.677837634568, 45.5419463083319], 
          [-122.677711634171, 45.5422973082551], 
          [-122.677522634924, 45.5426573086426], 
          [-122.677306635014, 45.5429183088976], 
          [-122.677090634205, 45.5430713090696], 
          [-122.676730634355, 45.5432873084924], 
          [-122.676352634962, 45.543476308329]
        ]
      }, 
      "properties" : {
        "NAME" : "30"
      }
    }, 
    {
      "type" : "Feature", 
      "geometry" : 
      {
        "type" : "LineString", 
        "coordinates" : 
        [
          [-122.677837634568, 45.5419463083319], 
          [-122.677900634317, 45.5418023078908]
        ]
      }, 
      "properties" : {
        "NAME" : " "
      }
    }, 
    {
      "type" : "Feature", 
      "geometry" : 
      {
        "type" : "LineString", 
        "coordinates" : 
        [
          [-122.667424629696, 45.5280413088986], 
          [-122.66658762982, 45.5283023090324], 
          [-122.665822629015, 45.5285453088278], 
          [-122.666263629955, 45.5292473089126], 
          [-122.667226630227, 45.5297963090378], 
          [-122.66833363044, 45.5304263082526], 
          [-122.668720630055, 45.5306423084266], 
          [-122.669440630653, 45.5311733092351], 
          [-122.671222631259, 45.5324423080325], 
          [-122.671483631374, 45.5327933081341], 
          [-122.671654631079, 45.5330273082434]
        ]
      }, 
      "properties" : {
        "NAME" : "Interstate"
      }
    }, 
    {
      "type" : "Feature", 
      "geometry" : 
      {
        "type" : "LineString", 
        "coordinates" : 
        [
          [-122.679826647439, 45.6031463111654], 
          [-122.680330647229, 45.6033443118796], 
          [-122.681050647828, 45.6035243122654], 
          [-122.681824647955, 45.6038303114701], 
          [-122.682283648437, 45.6041183114519], 
          [-122.682706648037, 45.6045233112622]
        ]
      }, 
      "properties" : {
        "NAME" : "Marine"
      }
    }, 
    {
      "type" : "Feature", 
      "geometry" : 
      {
        "type" : "LineString", 
        "coordinates" : 
        [
          [-122.743732454493, 45.4390489694437], 
          [-122.742988622489, 45.4406152960946], 
          [-122.742736623492, 45.4409932959427], 
          [-122.742520623582, 45.4412452956951], 
          [-122.742232622803, 45.4415872960799], 
          [-122.741944623822, 45.4418392957003], 
          [-122.741764623897, 45.4419832966888], 
          [-122.741044624196, 45.4427662961433], 
          [-122.740387623347, 45.4433782964167], 
          [-122.739703623632, 45.4438912957296], 
          [-122.739379623767, 45.4441252967529], 
          [-122.738785623565, 45.4445302960122], 
          [-122.738416623494, 45.4447102960102], 
          [-122.738029622981, 45.4448362965495], 
          [-122.736526622933, 45.4451422960572], 
          [-122.733727623425, 45.4458442970346], 
          [-122.733295622706, 45.4459612970834], 
          [-122.732935622856, 45.4461322971062], 
          [-122.732044623452, 45.446771297214], 
          [-122.731927623276, 45.446843297447], 
          [-122.731279623546, 45.4473022970873], 
          [-122.730847622827, 45.4475992968661], 
          [-122.730523622962, 45.4479682970294], 
          [-122.730406622786, 45.4480762975735], 
          [-122.729902622996, 45.4486252972473], 
          [-122.729596623573, 45.4491922978101], 
          [-122.729065622222, 45.4503172978079], 
          [-122.728741623255, 45.4509832974417], 
          [-122.728336622301, 45.4514872979493], 
          [-122.727787623203, 45.4520902980066], 
          [-122.727490623102, 45.452351298694], 
          [-122.72683362405, 45.452720298648], 
          [-122.725951623069, 45.45303529822], 
          [-122.725006624136, 45.4532152981758], 
          [-122.724079623849, 45.4533412986222], 
          [-122.723233623752, 45.4534132980308], 
          [-122.721055622413, 45.4536022991916], 
          [-122.720839622503, 45.4536202983389], 
          [-122.718823621546, 45.4535392992952], 
          [-122.717554622748, 45.4536112990811], 
          [-122.716312621019, 45.453773299366], 
          [-122.715925621405, 45.4538452994834], 
          [-122.715025621779, 45.4541422994682], 
          [-122.714125621256, 45.4546462994724], 
          [-122.712118621418, 45.4558342996189], 
          [-122.710921621691, 45.4565453005382], 
          [-122.708023621551, 45.4581383002278], 
          [-122.70737562182, 45.458561300412], 
          [-122.707222620761, 45.4586423004339], 
          [-122.706025621035, 45.4593443003696], 
          [-122.70519762138, 45.4598033009821], 
          [-122.70512562141, 45.4598393009833], 
          [-122.703721621096, 45.4605413005081], 
          [-122.702083621329, 45.4614593011901], 
          [-122.7017326217, 45.4616753014392], 
          [-122.701624621745, 45.4617383016973], 
          [-122.699923620432, 45.4626383011177], 
          [-122.698897621308, 45.463142302053], 
          [-122.696827620822, 45.4641863021232], 
          [-122.696071621137, 45.4645463020966], 
          [-122.69522562104, 45.4649423021842], 
          [-122.694568621089, 45.46530230237], 
          [-122.694019621093, 45.4656443024332], 
          [-122.692885620218, 45.4663733026228], 
          [-122.690221621327, 45.4685423026472], 
          [-122.689519620272, 45.4690823028573], 
          [-122.689024621601, 45.4693433030154], 
          [-122.688286620561, 45.4696223035639], 
          [-122.687971620018, 45.4697213031218], 
          [-122.68727862098, 45.4698743032991], 
          [-122.686468620868, 45.4699733030444], 
          [-122.685937619517, 45.4700093034813], 
          [-122.685694619843, 45.4700363034789], 
          [-122.685226620936, 45.4700453032653], 
          [-122.684650620278, 45.4699733036744], 
          [-122.684119620723, 45.469838304036], 
          [-122.6822026195, 45.4694963042188], 
          [-122.681527620006, 45.4693793038547], 
          [-122.68112261995, 45.4693433042753], 
          [-122.679529620389, 45.4694063041541], 
          [-122.678899619304, 45.4694693039625], 
          [-122.67844961994, 45.4695593039266], 
          [-122.678224619809, 45.4696403045274], 
          [-122.677180619346, 45.4706933042645], 
          [-122.677027619185, 45.4708643042657], 
          [-122.676928619451, 45.4710173038602], 
          [-122.676892619465, 45.4712153042011], 
          [-122.676901619686, 45.4714763045613], 
          [-122.677126619817, 45.4721873041471], 
          [-122.677324619286, 45.4727453046847], 
          [-122.677927620607, 45.4741403045354], 
          [-122.678044620783, 45.4745003045608], 
          [-122.678422621074, 45.4755443046688], 
          [-122.678620620543, 45.4796393050881], 
          [-122.678809622485, 45.4848413045223], 
          [-122.678800622264, 45.4850123050504], 
          [-122.678791622044, 45.4852283051081], 
          [-122.678575623032, 45.4863533047193], 
          [-122.678566623709, 45.4864973047808], 
          [-122.678476623298, 45.486695304894], 
          [-122.678314622916, 45.4868753057099], 
          [-122.67812562277, 45.487046305102], 
          [-122.6773336231, 45.4877393051461], 
          [-122.676343622164, 45.4886303050906], 
          [-122.675434622318, 45.4894853061177], 
          [-122.674525622472, 45.4903403055018], 
          [-122.674111622195, 45.4908083052364], 
          [-122.673220623689, 45.4927433058275], 
          [-122.673220623689, 45.4932383059613], 
          [-122.673220623689, 45.4935443060318], 
          [-122.673220623689, 45.4936433063839], 
          [-122.673184623704, 45.494147305879], 
          [-122.672878624281, 45.4986923063955], 
          [-122.672824624752, 45.4994393062435], 
          [-122.672923625385, 45.5003393068252], 
          [-122.672995624457, 45.5010053067584], 
          [-122.673049624883, 45.5012033068699], 
          [-122.674219625744, 45.504038306656], 
          [-122.674426625433, 45.5045783066788], 
          [-122.674399625669, 45.504740306557], 
          [-122.674327626597, 45.5048393067427], 
          [-122.674228625965, 45.5049743068871], 
          [-122.674138626451, 45.5050823065177], 
          [-122.673958625628, 45.5052173060794], 
          [-122.673526625808, 45.5053433067632], 
          [-122.671429625558, 45.5061083071546], 
          [-122.671123625236, 45.5062433074037]
        ]
      }, 
      "properties" : {
        "NAME" : "5"
      }
    }, 
    {
      "type" : "Feature", 
      "geometry" : 
      {
        "type" : "LineString", 
        "coordinates" : 
        [
          [-122.69583762348, 45.4779923026852], 
          [-122.697124623618, 45.4781003024177], 
          [-122.698924624665, 45.4782443027889], 
          [-122.699194624104, 45.4783163025215], 
          [-122.699923624025, 45.4788383030282], 
          [-122.700328624081, 45.4791803028449], 
          [-122.700427624713, 45.4792433024355], 
          [-122.701921625439, 45.479738302167], 
          [-122.703478625913, 45.4800893022618], 
          [-122.704621625213, 45.4803053016693], 
          [-122.70481962558, 45.4804043019871], 
          [-122.706421625362, 45.4811423020235], 
          [-122.707222626151, 45.4814303013357], 
          [-122.70751962715, 45.4815383020366], 
          [-122.710219626026, 45.4817453011219], 
          [-122.712325627395, 45.4826453016937], 
          [-122.715826628857, 45.4842383007718], 
          [-122.719426629155, 45.4853453009098], 
          [-122.719714629035, 45.4854083005348], 
          [-122.719975629151, 45.4854263002348], 
          [-122.720623628881, 45.4854443011886], 
          [-122.72235162906, 45.4856243009635], 
          [-122.722621629396, 45.4856783010988], 
          [-122.723026630351, 45.4857413009812], 
          [-122.724925630234, 45.4858403005641], 
          [-122.725240630776, 45.4859033002652], 
          [-122.725627630391, 45.4860563005959], 
          [-122.726068630432, 45.4863533003108], 
          [-122.726419630959, 45.4866413000657], 
          [-122.727040630027, 45.4868842996582], 
          [-122.727625630906, 45.4869382998451], 
          [-122.732008630653, 45.4870732994562], 
          [-122.735194631573, 45.4871632990172], 
          [-122.736913631531, 45.4872082987438], 
          [-122.738326632065, 45.487244298877], 
          [-122.740000632716, 45.4871902989834], 
          [-122.743627633676, 45.4870462981744], 
          [-122.743762199509, 45.4870330160631]
        ]
      }, 
      "properties" : {
        "NAME" : "Beaverton Hillsdale"
      }
    }, 
    {
      "type" : "Feature", 
      "geometry" : 
      {
        "type" : "LineString", 
        "coordinates" : 
        [
          [-122.743715536522, 45.443157402602], 
          [-122.742826623904, 45.4433422959912], 
          [-122.741845624087, 45.4435042961493], 
          [-122.740594623934, 45.4437112962697], 
          [-122.739946623306, 45.4438462967063], 
          [-122.739703623632, 45.4438912957296], 
          [-122.738722622917, 45.4440442960479], 
          [-122.737651623588, 45.4443052967827], 
          [-122.73369162344, 45.4452862974385], 
          [-122.732269622685, 45.4456282972764], 
          [-122.731369622161, 45.4458622973972], 
          [-122.730865622371, 45.4460332977201], 
          [-122.73042462233, 45.4462402973842], 
          [-122.730028622495, 45.4465282973247], 
          [-122.729623622439, 45.4468432968168], 
          [-122.729101622207, 45.447617297299], 
          [-122.727022622399, 45.4507402980522], 
          [-122.726887623578, 45.450992297749], 
          [-122.726671623668, 45.4511272977762], 
          [-122.724925623047, 45.4519462982403], 
          [-122.723827623055, 45.45244129889], 
          [-122.722801623033, 45.4528192982709], 
          [-122.722378623434, 45.4529902982989], 
          [-122.720839622503, 45.4536202983389], 
          [-122.718427622609, 45.4545382995356], 
          [-122.718274622448, 45.4545832994818], 
          [-122.717599622953, 45.4547722992422], 
          [-122.717518622763, 45.4547992996063], 
          [-122.717320622396, 45.4548442993443], 
          [-122.714926622944, 45.4558432997823], 
          [-122.714341622064, 45.456068299619], 
          [-122.714125623052, 45.4561402999568], 
          [-122.712820621575, 45.4567432994137], 
          [-122.711803621773, 45.4573552999059], 
          [-122.710327622388, 45.4581383008579], 
          [-122.708473621812, 45.4591553001804], 
          [-122.707240621203, 45.4598303008277], 
          [-122.705638621421, 45.4607033004173], 
          [-122.704567622091, 45.4613063002242], 
          [-122.703208621983, 45.4620443014993], 
          [-122.702704622193, 45.4623233016317], 
          [-122.701642621288, 45.4629083011665], 
          [-122.701201621247, 45.463142301423], 
          [-122.700634620809, 45.4634663015802], 
          [-122.699725620963, 45.4639613019174], 
          [-122.699023620806, 45.4643393015737], 
          [-122.698285621563, 45.464744301858], 
          [-122.696827620822, 45.4655453020149], 
          [-122.696431620987, 45.4657883018723], 
          [-122.696026620931, 45.4660403017381], 
          [-122.69486562119, 45.466742302174], 
          [-122.694226621681, 45.4671113018298], 
          [-122.693821621625, 45.4673453022806], 
          [-122.69327262073, 45.4676873025492], 
          [-122.692822621367, 45.4679393027456], 
          [-122.691814621787, 45.4685423026472], 
          [-122.690293620399, 45.4694423030633], 
          [-122.689627621125, 45.469838302776], 
          [-122.688439620721, 45.4703603030716], 
          [-122.688286621459, 45.4704053036202], 
          [-122.687809620535, 45.470594303894], 
          [-122.687098620157, 45.4707833035341], 
          [-122.686135620782, 45.4708463030632], 
          [-122.685622620771, 45.4708463036932], 
          [-122.685415620184, 45.4708283037449], 
          [-122.685100621438, 45.4708463036932], 
          [-122.683300620391, 45.4707383039173], 
          [-122.68222062084, 45.4708463043232], 
          [-122.681644620182, 45.4708823042025], 
          [-122.681122620848, 45.470945303621], 
          [-122.680537619969, 45.4711973037407], 
          [-122.680123619692, 45.4714403038015], 
          [-122.67952961949, 45.4719443035273], 
          [-122.679124619435, 45.4725383040325], 
          [-122.6790256197, 45.4728443044265], 
          [-122.679133620554, 45.4744193046454], 
          [-122.679421621332, 45.4765433049416], 
          [-122.679691621669, 45.4784243041525], 
          [-122.679826621388, 45.4793423046193], 
          [-122.679925622021, 45.4800443044067]
        ]
      }, 
      "properties" : {
        "NAME" : "Barbur"
      }
    }, 
    {
      "type" : "Feature", 
      "geometry" : 
      {
        "type" : "LineString", 
        "coordinates" : 
        [
          [-122.717518622763, 45.4547992996063], 
          [-122.717527622085, 45.4544842991746]
        ]
      }, 
      "properties" : {
        "NAME" : "40th"
      }
    }, 
    {
      "type" : "Feature", 
      "geometry" : 
      {
        "type" : "LineString", 
        "coordinates" : 
        [
          [-122.717527622085, 45.4544842991746], 
          [-122.718274622448, 45.4545832994818]
        ]
      }, 
      "properties" : {
        "NAME" : "Lucille"
      }
    }, 
    {
      "type" : "Feature", 
      "geometry" : 
      {
        "type" : "MultiLineString", 
        "coordinates" : 
        [
          [
            [-122.699878632802, 45.5155943046291], 
            [-122.702119632094, 45.5128403041016], 
            [-122.703019632617, 45.512345304433], 
            [-122.707024632073, 45.510644303896], 
            [-122.708221631799, 45.5081423033333], 
            [-122.708923631956, 45.5073413030281], 
            [-122.713027632044, 45.5064413023147], 
            [-122.714629632724, 45.5063963028456], 
            [-122.716222633184, 45.5063423017984], 
            [-122.718670633961, 45.5069903021322], 
            [-122.719300634148, 45.5071613021479], 
            [-122.720551634301, 45.5074853023106], 
            [-122.722324633787, 45.5079443018144], 
            [-122.722666634094, 45.5080883020724], 
            [-122.722934349117, 45.5082275879256]
          ], 
          [
            [-122.723326554468, 45.5084316427655], 
            [-122.723998635336, 45.5087813019392], 
            [-122.724565634875, 45.5090243023247], 
            [-122.725222634826, 45.5091413015767], 
            [-122.725501634486, 45.5092043016542], 
            [-122.726788635522, 45.5092583018444], 
            [-122.72857963545, 45.5091953018273], 
            [-122.728921635757, 45.5091413015767], 
            [-122.730181635232, 45.5089613007866], 
            [-122.731054635991, 45.5087903005731], 
            [-122.73168463528, 45.5086103011788], 
            [-122.73292663611, 45.5084393011581], 
            [-122.736220636086, 45.5085383005044], 
            [-122.737669637504, 45.5085023007623], 
            [-122.741422637963, 45.5082412994248], 
            [-122.742196637191, 45.5081603001747], 
            [-122.743681637696, 45.5078272994448], 
            [-122.743771637209, 45.5078092993492], 
            [-122.743834249785, 45.5077980618776]
          ]
        ]
      }, 
      "properties" : {
        "NAME" : "Canyon"
      }
    }, 
    {
      "type" : "Feature", 
      "geometry" : 
      {
        "type" : "LineString", 
        "coordinates" : 
        [
          [-122.699878632802, 45.5155943046291], 
          [-122.699527632275, 45.5160173047566], 
          [-122.699302632144, 45.5164673046294], 
          [-122.6992846326, 45.5169263051608], 
          [-122.69950063251, 45.5175023045909], 
          [-122.699824632375, 45.5181413045641], 
          [-122.69977963217, 45.5184293047772], 
          [-122.699725632641, 45.518825304473], 
          [-122.699221632851, 45.5191403047156], 
          [-122.698897632088, 45.5192393047513], 
          [-122.698537633136, 45.5192213051583], 
          [-122.69820463305, 45.5191853053256], 
          [-122.697313631849, 45.5190503052758]
        ]
      }, 
      "properties" : {
        "NAME" : "Canyon"
      }
    }, 
    {
      "type" : "Feature", 
      "geometry" : 
      {
        "type" : "MultiLineString", 
        "coordinates" : 
        [
          [
            [-122.543634493738, 45.5759192201687], 
            [-122.54364762082, 45.5759033237779], 
            [-122.546005620287, 45.5739143241273], 
            [-122.546275619725, 45.5737073237583], 
            [-122.546581620946, 45.5734463231078], 
            [-122.546833619942, 45.5732303232567], 
            [-122.549245619836, 45.5713403233942], 
            [-122.549605620585, 45.5710703230728], 
            [-122.549740620304, 45.5709443230656], 
            [-122.551180619704, 45.5698193230491], 
            [-122.552431620756, 45.568901323118], 
            [-122.552944620767, 45.5685053225726], 
            [-122.554618619621, 45.5671463228672], 
            [-122.555122620309, 45.566759321951], 
            [-122.556994620428, 45.5653733225812], 
            [-122.557183620574, 45.5652023221391], 
            [-122.558335620992, 45.5643473221834], 
            [-122.560513619636, 45.5627273217354], 
            [-122.561953620834, 45.5617013220705], 
            [-122.562619620107, 45.5612603214664], 
            [-122.563285621177, 45.5608553214052], 
            [-122.565580619997, 45.5591093207611], 
            [-122.565769620143, 45.5589113212311], 
            [-122.566417619873, 45.55805632051], 
            [-122.566732619517, 45.5572643209734], 
            [-122.566831619252, 45.5567783200769], 
            [-122.566813619708, 45.5562653211052], 
            [-122.566696619532, 45.5554463209304], 
            [-122.566681406563, 45.5553995987738]
          ], 
          [
            [-122.565015638972, 45.5526705958707], 
            [-122.564410619137, 45.5522423212146], 
            [-122.564368825018, 45.5522136816809]
          ], 
          [
            [-122.561436325977, 45.5498808448986], 
            [-122.561170617791, 45.5494883212197], 
            [-122.560486617177, 45.548480321055], 
            [-122.560315617473, 45.5478413203286], 
            [-122.560450617192, 45.5473823210213], 
            [-122.561476616316, 45.543683320693], 
            [-122.561953616342, 45.5422253198552], 
            [-122.562016616091, 45.5420453204541], 
            [-122.562835615526, 45.5388773204769], 
            [-122.563015615451, 45.5381933196027], 
            [-122.56336661508, 45.5370953199917], 
            [-122.563816615342, 45.5356913194568], 
            [-122.563897614634, 45.5354843198252], 
            [-122.564275614926, 45.5343053195416], 
            [-122.564500615057, 45.5334773193188], 
            [-122.564716614069, 45.532730319362], 
            [-122.564968614862, 45.5316053193774], 
            [-122.565292614727, 45.5299673190518], 
            [-122.565337614035, 45.5293823197362], 
            [-122.565211613638, 45.5263583188188], 
            [-122.56514861299, 45.5227403184627], 
            [-122.565112612107, 45.5207423187437], 
            [-122.565076612122, 45.5201843184121], 
            [-122.565067611901, 45.5191673183038], 
            [-122.565013611475, 45.5184383188633], 
            [-122.564869611535, 45.5162423186761], 
            [-122.564815611108, 45.5155403187009], 
            [-122.564725609798, 45.510995317889], 
            [-122.564545608975, 45.5081243184476], 
            [-122.56451860921, 45.5068463185816], 
            [-122.564545608975, 45.5062433181063], 
            [-122.564545609873, 45.506144318501], 
            [-122.564617608046, 45.5045423182549], 
            [-122.564617608046, 45.5019863176324], 
            [-122.564518607414, 45.4993403179697], 
            [-122.564707606661, 45.4975133176662], 
            [-122.564842607279, 45.494804317733], 
            [-122.564914606351, 45.493742317267], 
            [-122.564995606541, 45.4933913172243], 
            [-122.565310605287, 45.4919423175306], 
            [-122.565616605609, 45.4900793169432], 
            [-122.56584160574, 45.4886033165206], 
            [-122.565886605048, 45.4867853163951], 
            [-122.5658236044, 45.4847243164913], 
            [-122.565814604179, 45.4846433161569], 
            [-122.565886605048, 45.4835183164065], 
            [-122.565877604827, 45.4828613158656], 
            [-122.56589560437, 45.4816103164554], 
            [-122.565769603973, 45.4792163162968], 
            [-122.565715602648, 45.4784243161202], 
            [-122.565715603547, 45.4763813159065], 
            [-122.565715603547, 45.4757423161916], 
            [-122.565823602603, 45.4738703160782], 
            [-122.565850602368, 45.4734923160806], 
            [-122.565886601454, 45.4729343160098], 
            [-122.565904602794, 45.4725653154176], 
            [-122.565913602117, 45.4723403158988], 
            [-122.566597600934, 45.4693163159153], 
            [-122.566813600844, 45.4683443155957], 
            [-122.567200601356, 45.4676153150661], 
            [-122.568613600993, 45.4648433150237], 
            [-122.569054601034, 45.4642403152445], 
            [-122.570413601141, 45.4623773146478], 
            [-122.571089427984, 45.4614038041122]
          ]
        ]
      }, 
      "properties" : {
        "NAME" : "205"
      }
    }, 
    {
      "type" : "Feature", 
      "geometry" : 
      {
        "type" : "LineString", 
        "coordinates" : 
        [
          [-122.677126626105, 45.5051453067312], 
          [-122.677405626663, 45.5051993070379], 
          [-122.678224626996, 45.5053433061336], 
          [-122.680123626879, 45.5058383056853], 
          [-122.680339627687, 45.5059193057584], 
          [-122.681527628091, 45.5063423055758], 
          [-122.682877627978, 45.5068913063588], 
          [-122.68302162702, 45.5069453056202], 
          [-122.683624628341, 45.5073413055464], 
          [-122.683921627543, 45.5075393060386], 
          [-122.684083627925, 45.5076563052295], 
          [-122.684803627625, 45.508106305856], 
          [-122.685019628434, 45.5082413050907], 
          [-122.68543362871, 45.5085563054032], 
          [-122.686225629279, 45.5091413053539], 
          [-122.686549629144, 45.5094743052349], 
          [-122.686819629481, 45.5097443056319], 
          [-122.687845629503, 45.510824305599], 
          [-122.68819663003, 45.5111933061573], 
          [-122.688421630161, 45.5114993055991], 
          [-122.688520629895, 45.5116433055754], 
          [-122.688871630423, 45.5124443057222], 
          [-122.688925629053, 45.5127323055067], 
          [-122.688925629951, 45.5129393057791], 
          [-122.688925629951, 45.5133443061353], 
          [-122.688817629098, 45.5138843056437], 
          [-122.688781630011, 45.5140913060853], 
          [-122.688583630543, 45.5146493057819], 
          [-122.688322629529, 45.5151443053287], 
          [-122.688034630547, 45.5155493061828], 
          [-122.68762063027, 45.5160443066255], 
          [-122.687242629978, 45.5167643057339], 
          [-122.686720630645, 45.5177453063489], 
          [-122.686288629926, 45.5187713059088], 
          [-122.68597363118, 45.5193293064065], 
          [-122.685901630312, 45.5194913060018], 
          [-122.685622631551, 45.5201393060128], 
          [-122.685334631671, 45.5208143063232], 
          [-122.685172631289, 45.5213453067593], 
          [-122.685154630848, 45.5214713065858], 
          [-122.685145630627, 45.5217323063628], 
          [-122.685190631731, 45.5220563069842], 
          [-122.685523630919, 45.522740305875], 
          [-122.685721632184, 45.5230103068249], 
          [-122.68582063102, 45.523145306814], 
          [-122.686009631166, 45.5234603067873], 
          [-122.686324631708, 45.5246393059577], 
          [-122.686333632827, 45.5249183064362], 
          [-122.686342631251, 45.525215306359], 
          [-122.686387632356, 45.5262683063806], 
          [-122.686468632546, 45.5284823064877], 
          [-122.686495633209, 45.5291933065063], 
          [-122.686522632075, 45.5299313072161], 
          [-122.686576632501, 45.5306423065388], 
          [-122.686621632707, 45.5313713064295], 
          [-122.686621633606, 45.5320823064271], 
          [-122.686693633576, 45.5325683069172], 
          [-122.68672063334, 45.532712307095], 
          [-122.686693634474, 45.5335313069145], 
          [-122.686612634283, 45.5342153072355], 
          [-122.686585633621, 45.5345573074226], 
          [-122.686477633666, 45.5349443067487], 
          [-122.686135634257, 45.5353223071339], 
          [-122.68572163398, 45.5356463068801], 
          [-122.685406634336, 45.5359343074645], 
          [-122.685127634677, 45.5361413066981], 
          [-122.684119634198, 45.5369423073326], 
          [-122.682823634738, 45.5377433078831], 
          [-122.681824633582, 45.5385443077201], 
          [-122.680942634398, 45.539282307792], 
          [-122.680627634754, 45.5395433073557], 
          [-122.679925634597, 45.5400923082766], 
          [-122.679385633923, 45.5405153079393], 
          [-122.67893563456, 45.5409113082067], 
          [-122.678233634403, 45.5415323077998], 
          [-122.678188635096, 45.5415683084322], 
          [-122.677900634317, 45.5418023078908], 
          [-122.677711634171, 45.5419283084542], 
          [-122.67712663419, 45.5424683091985], 
          [-122.676730633457, 45.5428553088168], 
          [-122.676127633932, 45.5433413086903], 
          [-122.675848635172, 45.543539308343], 
          [-122.675722634775, 45.5436383094807], 
          [-122.675569633716, 45.5437733090354], 
          [-122.675335634262, 45.5439353093314], 
          [-122.674921634884, 45.5442413087565]
        ]
      }, 
      "properties" : {
        "NAME" : "405"
      }
    }, 
    {
      "type" : "Feature", 
      "geometry" : 
      {
        "type" : "LineString", 
        "coordinates" : 
        [
          [-122.675425625691, 45.5051453067312], 
          [-122.676721626049, 45.5051093060782], 
          [-122.676829626005, 45.5051183059288], 
          [-122.677126626105, 45.5051453067312]
        ]
      }, 
      "properties" : {
        "NAME" : "405"
      }
    }, 
    {
      "type" : "Feature", 
      "geometry" : 
      {
        "type" : "LineString", 
        "coordinates" : 
        [
          [-122.675425625691, 45.5051453067312], 
          [-122.674615625579, 45.505154306576], 
          [-122.674525626065, 45.5049383067543]
        ]
      }, 
      "properties" : {
        "NAME" : "405"
      }
    }, 
    {
      "type" : "Feature", 
      "geometry" : 
      {
        "type" : "LineString", 
        "coordinates" : 
        [
          [-122.671123625236, 45.5062433074037], 
          [-122.6710246264, 45.5062973072867], 
          [-122.670727626299, 45.5064413073512], 
          [-122.668324625728, 45.5076383075975], 
          [-122.666722625047, 45.5084393074535]
        ]
      }, 
      "properties" : {
        "NAME" : "Marquam Bridge"
      }
    }, 
    {
      "type" : "Feature", 
      "geometry" : 
      {
        "type" : "LineString", 
        "coordinates" : 
        [
          [-122.673958625628, 45.5052173060794], 
          [-122.674111625789, 45.5051813067316], 
          [-122.67433662592, 45.505154306576], 
          [-122.674615625579, 45.505154306576]
        ]
      }, 
      "properties" : {
        "NAME" : "405"
      }
    }, 
    {
      "type" : "Feature", 
      "geometry" : 
      {
        "type" : "LineString", 
        "coordinates" : 
        [
          [-122.666677627536, 45.5184293085538], 
          [-122.666641627551, 45.5183303083518], 
          [-122.666587628023, 45.5182133080601], 
          [-122.666533627596, 45.518150307996]
        ]
      }, 
      "properties" : {
        "NAME" : "Exit"
      }
    }, 
    {
      "type" : "Feature", 
      "geometry" : 
      {
        "type" : "LineString", 
        "coordinates" : 
        [
          [-122.671429625558, 45.5061083071546], 
          [-122.672176625022, 45.5054963071696], 
          [-122.672635626403, 45.5052443068343], 
          [-122.673040625561, 45.5050643068035], 
          [-122.673625625542, 45.5048393067427]
        ]
      }, 
      "properties" : {
        "NAME" : "Exit"
      }
    }, 
    {
      "type" : "Feature", 
      "geometry" : 
      {
        "type" : "LineString", 
        "coordinates" : 
        [
          [-122.672824624752, 45.4994393062435], 
          [-122.672725625018, 45.5003573067908], 
          [-122.67252762555, 45.5010413068877], 
          [-122.672536624872, 45.5013833060237], 
          [-122.672608624842, 45.5018693060272], 
          [-122.672842625194, 45.5024903066775], 
          [-122.673364626324, 45.5036963072783], 
          [-122.673526625808, 45.5042633067703], 
          [-122.673625625542, 45.5048393067427]
        ]
      }, 
      "properties" : {
        "NAME" : "Exit"
      }
    }, 
    {
      "type" : "Feature", 
      "geometry" : 
      {
        "type" : "LineString", 
        "coordinates" : 
        [
          [-122.673526625808, 45.5053433067632], 
          [-122.673580625336, 45.5052533066633], 
          [-122.673607625999, 45.505172306891], 
          [-122.67362562644, 45.5050463070836], 
          [-122.673625625542, 45.5048393067427]
        ]
      }, 
      "properties" : {
        "NAME" : "Exit"
      }
    }, 
    {
      "type" : "Feature", 
      "geometry" : 
      {
        "type" : "LineString", 
        "coordinates" : 
        [
          [-122.673625625542, 45.5048393067427], 
          [-122.67412062601, 45.5048393067427], 
          [-122.674327626597, 45.5048393067427]
        ]
      }, 
      "properties" : {
        "NAME" : "Exit"
      }
    }, 
    {
      "type" : "Feature", 
      "geometry" : 
      {
        "type" : "LineString", 
        "coordinates" : 
        [
          [-122.674426625433, 45.5045783066788], 
          [-122.674507625624, 45.5048573065288], 
          [-122.674525626065, 45.5049383067543]
        ]
      }, 
      "properties" : {
        "NAME" : "Exit"
      }
    }, 
    {
      "type" : "Feature", 
      "geometry" : 
      {
        "type" : "LineString", 
        "coordinates" : 
        [
          [-122.666821627476, 45.5178083081254], 
          [-122.666695627978, 45.5179973079961], 
          [-122.666578626904, 45.5181143087369], 
          [-122.666533627596, 45.518150307996]
        ]
      }, 
      "properties" : {
        "NAME" : "Ramp"
      }
    }, 
    {
      "type" : "Feature", 
      "geometry" : 
      {
        "type" : "LineString", 
        "coordinates" : 
        [
          [-122.659819629044, 45.5256923098383], 
          [-122.66042262767, 45.5255393095785], 
          [-122.661196628696, 45.5253863089026], 
          [-122.661475627457, 45.5253413088468]
        ]
      }, 
      "properties" : {
        "NAME" : "84"
      }
    }, 
    {
      "type" : "Feature", 
      "geometry" : 
      {
        "type" : "LineString", 
        "coordinates" : 
        [
          [-122.661421627928, 45.5249453090687], 
          [-122.66042262767, 45.5254403099291], 
          [-122.659819629044, 45.5256923098383]
        ]
      }, 
      "properties" : {
        "NAME" : "84"
      }
    }, 
    {
      "type" : "Feature", 
      "geometry" : 
      {
        "type" : "LineString", 
        "coordinates" : 
        [
          [-122.661421627928, 45.5249453090687], 
          [-122.661646627161, 45.5248463090033], 
          [-122.661997628587, 45.5247563092504], 
          [-122.662285628467, 45.524702308826], 
          [-122.662402627744, 45.52469330896], 
          [-122.662645628317, 45.5246843097219], 
          [-122.663014628388, 45.5247023094554], 
          [-122.66347362887, 45.5247383089049], 
          [-122.663995628204, 45.5248553088448], 
          [-122.664319628069, 45.5249453090687]
        ]
      }, 
      "properties" : {
        "NAME" : "84"
      }
    }, 
    {
      "type" : "Feature", 
      "geometry" : 
      {
        "type" : "LineString", 
        "coordinates" : 
        [
          [-122.661475627457, 45.5253413088468], 
          [-122.661988628366, 45.5252783092116], 
          [-122.662312628231, 45.5253053091538], 
          [-122.662627628774, 45.5253413094761], 
          [-122.6631046288, 45.5254853092764], 
          [-122.66347362887, 45.5256653088231], 
          [-122.663797628736, 45.525944309248], 
          [-122.663977629559, 45.5261873091604], 
          [-122.664319628967, 45.5266463084387], 
          [-122.665120629757, 45.5281403090051]
        ]
      }, 
      "properties" : {
        "NAME" : "84"
      }
    }, 
    {
      "type" : "Feature", 
      "geometry" : 
      {
        "type" : "LineString", 
        "coordinates" : 
        [
          [-122.665120628858, 45.5242433087904], 
          [-122.664922627593, 45.5245133088206], 
          [-122.664724628125, 45.524702308826], 
          [-122.664535628877, 45.5248463090033], 
          [-122.664319628069, 45.5249453090687], 
          [-122.663977628661, 45.5251073088571], 
          [-122.663527628399, 45.5252423088489], 
          [-122.663095628579, 45.5253143089218], 
          [-122.662627628774, 45.5253413094761]
        ]
      }, 
      "properties" : {
        "NAME" : "84"
      }
    }, 
    {
      "type" : "Feature", 
      "geometry" : 
      {
        "type" : "LineString", 
        "coordinates" : 
        [
          [-122.661475627457, 45.5253413088468], 
          [-122.662564628126, 45.5250893092533], 
          [-122.66347362887, 45.5247383089049]
        ]
      }, 
      "properties" : {
        "NAME" : "Exit"
      }
    }, 
    {
      "type" : "Feature", 
      "geometry" : 
      {
        "type" : "LineString", 
        "coordinates" : 
        [
          [-122.679925622021, 45.4800443044067], 
          [-122.679925622021, 45.4803413043244], 
          [-122.680051621519, 45.4815203042436], 
          [-122.680123622387, 45.4820423046698], 
          [-122.682427623225, 45.4873433046354], 
          [-122.682427623225, 45.4877393045163], 
          [-122.682427623225, 45.4881893043797], 
          [-122.68232862349, 45.4884773048238], 
          [-122.682076623595, 45.4887563051094], 
          [-122.681770623274, 45.4890713048679], 
          [-122.681383624558, 45.4893323050246], 
          [-122.680519624019, 45.4899443043844], 
          [-122.680411624064, 45.489980305288], 
          [-122.679790624098, 45.4901783051236], 
          [-122.678926622661, 45.4904033052081], 
          [-122.677972624406, 45.4907453053533], 
          [-122.677612623657, 45.4911413052471], 
          [-122.676721623355, 45.492140305431], 
          [-122.676793623325, 45.4935983061309], 
          [-122.676820623987, 45.4941383061637], 
          [-122.677207623601, 45.4948403060847]
        ]
      }, 
      "properties" : {
        "NAME" : "Barbur"
      }
    }, 
    {
      "type" : "Feature", 
      "geometry" : 
      {
        "type" : "LineString", 
        "coordinates" : 
        [
          [-122.681221622379, 45.4798463042218], 
          [-122.681599621773, 45.4798013042831], 
          [-122.682535622281, 45.4798013036532], 
          [-122.684524622576, 45.4799453040863], 
          [-122.686819623193, 45.4800443037769], 
          [-122.691247623146, 45.4789823040328], 
          [-122.692219622741, 45.4786403030143], 
          [-122.692984623545, 45.4785053033503], 
          [-122.69583762348, 45.4779923026852]
        ]
      }, 
      "properties" : {
        "NAME" : "Capitol"
      }
    }, 
    {
      "type" : "Feature", 
      "geometry" : 
      {
        "type" : "LineString", 
        "coordinates" : 
        [
          [-122.679925622021, 45.4800443044067], 
          [-122.681221622379, 45.4798463042218]
        ]
      }, 
      "properties" : {
        "NAME" : "Capitol"
      }
    }, 
    {
      "type" : "Feature", 
      "geometry" : 
      {
        "type" : "LineString", 
        "coordinates" : 
        [
          [-122.578810601463, 45.461439412449], 
          [-122.578810601463, 45.4623413137469], 
          [-122.578810601463, 45.4625933139], 
          [-122.578810601463, 45.4631963136544], 
          [-122.578819602582, 45.463718313716], 
          [-122.578828602803, 45.4645283139971], 
          [-122.578828602803, 45.4649423141548], 
          [-122.578846603245, 45.4668413143504], 
          [-122.578864602788, 45.4672463136697], 
          [-122.578873603009, 45.4679393140855], 
          [-122.578873603009, 45.468542314617], 
          [-122.578900603671, 45.469946314986], 
          [-122.578909603892, 45.4705403144999], 
          [-122.578909603892, 45.4709453143304], 
          [-122.578927603436, 45.4720433147554], 
          [-122.578927604334, 45.4723403140089], 
          [-122.578936605453, 45.4734383143441], 
          [-122.578945604776, 45.4741403146142], 
          [-122.578945603877, 45.4744463144989], 
          [-122.578954604098, 45.4751393152097], 
          [-122.57897260454, 45.4758053145869], 
          [-122.578981604761, 45.4767413148437], 
          [-122.57899060588, 45.4774973147002], 
          [-122.578999606101, 45.4781453150527], 
          [-122.579008606321, 45.4788383143659], 
          [-122.579008605423, 45.4794413154473], 
          [-122.579017605644, 45.4801433152609], 
          [-122.579008605423, 45.4807193150678], 
          [-122.579017606542, 45.4809443145149], 
          [-122.579017606542, 45.4816463151274], 
          [-122.579017606542, 45.4823393154697], 
          [-122.579017605644, 45.482951314598], 
          [-122.579017607441, 45.4836443152636], 
          [-122.579017606542, 45.4853453147654], 
          [-122.578972607235, 45.4858403156791], 
          [-122.578945606572, 45.4859753147727], 
          [-122.578918606808, 45.4866323155254], 
          [-122.578918606808, 45.4869383155897], 
          [-122.578918607706, 45.4880453149413], 
          [-122.578918607706, 45.4902413157168], 
          [-122.578918607706, 45.4903403155777], 
          [-122.578918608605, 45.4912403161208], 
          [-122.578918607706, 45.491438315935], 
          [-122.57881060865, 45.4920323156092], 
          [-122.57881060865, 45.4921403155066], 
          [-122.578810607751, 45.4928423151443], 
          [-122.57881060865, 45.4935443154774], 
          [-122.578810609548, 45.4942463152463], 
          [-122.578810609548, 45.4948403155301], 
          [-122.57881060865, 45.4955963162178], 
          [-122.57881060865, 45.4962893162232], 
          [-122.57881060865, 45.4966313158879], 
          [-122.578810609548, 45.4969463156802], 
          [-122.578513609447, 45.4975403158193], 
          [-122.578513609447, 45.4978103161581], 
          [-122.578513609447, 45.4979993164435], 
          [-122.578513609447, 45.4984403159017], 
          [-122.578513609447, 45.4992413162992], 
          [-122.578513609447, 45.5000423160059], 
          [-122.578513610345, 45.5005463161567], 
          [-122.578513610345, 45.5014463160433], 
          [-122.578495610802, 45.5016623160412], 
          [-122.578414610611, 45.5021393164589], 
          [-122.578414610611, 45.5027333159622], 
          [-122.578414611509, 45.5033723161576], 
          [-122.578414610611, 45.504839316816], 
          [-122.578432611053, 45.5058653168451], 
          [-122.578432611951, 45.5061983165903], 
          [-122.578414611509, 45.5075393167411], 
          [-122.578414612408, 45.5084393168966], 
          [-122.578468611936, 45.5100683167372], 
          [-122.57848661148, 45.5108423166912], 
          [-122.578504612819, 45.5114633171934], 
          [-122.578504611921, 45.5115443167264], 
          [-122.578513612142, 45.5120393171449], 
          [-122.578522612363, 45.5122463168186], 
          [-122.578531612584, 45.5127413173579], 
          [-122.578540612805, 45.5128403166915], 
          [-122.578567613467, 45.5135423169852], 
          [-122.57858561301, 45.5142443167055], 
          [-122.578594613231, 45.5148383168924], 
          [-122.578621612995, 45.5156393175169], 
          [-122.578630613216, 45.5161163172111], 
          [-122.578648613658, 45.5169443174474], 
          [-122.578675613422, 45.5176103173213], 
          [-122.578693614762, 45.5183843174101], 
          [-122.578711614305, 45.5191403173041], 
          [-122.578729613849, 45.5197433174531], 
          [-122.57874761429, 45.5204453172359], 
          [-122.578774614055, 45.521039317425], 
          [-122.57881061404, 45.5227583175593]
        ]
      }, 
      "properties" : {
        "NAME" : "82nd"
      }
    }, 
    {
      "type" : "Feature", 
      "geometry" : 
      {
        "type" : "LineString", 
        "coordinates" : 
        [
          [-122.66791061557, 45.4614413045449], 
          [-122.668333616067, 45.462161304487], 
          [-122.668414616258, 45.4624043044399], 
          [-122.668927616269, 45.4639433048108], 
          [-122.669125617534, 45.4653383051603], 
          [-122.669278617695, 45.4657163044038], 
          [-122.669440618077, 45.4660133048664], 
          [-122.670601617818, 45.4677053047606], 
          [-122.67105161808, 45.4684703049163], 
          [-122.671195618918, 45.4688033046757], 
          [-122.671321618416, 45.4693433049053], 
          [-122.671348618181, 45.4699823047307], 
          [-122.671420618151, 45.4710443046349], 
          [-122.67141161793, 45.471260304697], 
          [-122.6713576193, 45.4714403050614], 
          [-122.671321619315, 45.4716743045497], 
          [-122.671321618416, 45.4720433046763], 
          [-122.671357618401, 45.4726463047689], 
          [-122.671420619049, 45.4733393049368], 
          [-122.671483618798, 45.4740413051804], 
          [-122.671546619446, 45.4748423048801], 
          [-122.671627619636, 45.4755443052987], 
          [-122.671726619371, 45.4762463051612], 
          [-122.671825619105, 45.4769483050971], 
          [-122.672086620119, 45.4776413052743], 
          [-122.672320620471, 45.4783703058824], 
          [-122.672680620321, 45.4792613053651], 
          [-122.672824620261, 45.4795403053157], 
          [-122.673301621185, 45.4808453050684], 
          [-122.673823620519, 45.4822313049672], 
          [-122.674327621207, 45.4835453048935], 
          [-122.6750026216, 45.484841305782], 
          [-122.675326621465, 45.4854443055972], 
          [-122.675380621892, 45.4858403056024], 
          [-122.675425622098, 45.4862453056912], 
          [-122.675272621937, 45.4869383055131], 
          [-122.675119622674, 45.4876403057518], 
          [-122.674624623105, 45.4884413054786], 
          [-122.674192622386, 45.4891433058788], 
          [-122.673274623218, 45.4906463055746], 
          [-122.672725623222, 45.491546306266], 
          [-122.672671622795, 45.4926443064121]
        ]
      }, 
      "properties" : {
        "NAME" : "Macadam"
      }
    }, 
    {
      "type" : "Feature", 
      "geometry" : 
      {
        "type" : "LineString", 
        "coordinates" : 
        [
          [-122.661868202914, 45.454287780778], 
          [-122.661925613345, 45.4543403048907], 
          [-122.662510613326, 45.4550423048226], 
          [-122.66791061557, 45.4614413045449]
        ]
      }, 
      "properties" : {
        "NAME" : "Riverside"
      }
    }, 
    {
      "type" : "Feature", 
      "geometry" : 
      {
        "type" : "LineString", 
        "coordinates" : 
        [
          [-122.672671622795, 45.4926443064121], 
          [-122.672626623487, 45.4935443066615], 
          [-122.67263562281, 45.494039306052], 
          [-122.672626623487, 45.4947413065774], 
          [-122.672518623532, 45.4962443061207], 
          [-122.672464624004, 45.4969463062351], 
          [-122.672419623798, 45.4976393059982], 
          [-122.672347624727, 45.4983503060255], 
          [-122.672320624064, 45.4990433061398], 
          [-122.67222162433, 45.4995383063064], 
          [-122.67214962436, 45.5003843067285]
        ]
      }, 
      "properties" : {
        "NAME" : "Macadam"
      }
    }, 
    {
      "type" : "Feature", 
      "geometry" : 
      {
        "type" : "LineString", 
        "coordinates" : 
        [
          [-122.660512630777, 45.536411310025], 
          [-122.6605216301, 45.5356193093847], 
          [-122.6605216301, 45.5349083094261], 
          [-122.6605216301, 45.5342243093536], 
          [-122.6605216301, 45.5335313094316], 
          [-122.660521629201, 45.5328383097797], 
          [-122.660494629437, 45.5321453097691], 
          [-122.660521629201, 45.5314343093093], 
          [-122.660503629658, 45.5306423096852], 
          [-122.660494629437, 45.5299223100746], 
          [-122.660476628097, 45.5291663090595], 
          [-122.660467627876, 45.5285453094571], 
          [-122.660449628333, 45.5278433087922], 
          [-122.66044062901, 45.5273393094956], 
          [-122.66043162879, 45.5264393094993], 
          [-122.660422628569, 45.5258453096819], 
          [-122.66042262767, 45.5255393095785], 
          [-122.66042262767, 45.5254403099291], 
          [-122.660422628569, 45.5249453090687], 
          [-122.66041362745, 45.5242253095395], 
          [-122.66041362745, 45.5235413098221], 
          [-122.66041362745, 45.5228213093171]
        ]
      }, 
      "properties" : {
        "NAME" : "Grand"
      }
    }, 
    {
      "type" : "Feature", 
      "geometry" : 
      {
        "type" : "LineString", 
        "coordinates" : 
        [
          [-122.660224622812, 45.5012393075023], 
          [-122.66022462371, 45.5013383075484], 
          [-122.660224622812, 45.50154530817], 
          [-122.660224622812, 45.5018423080609], 
          [-122.660233623033, 45.5025443082718], 
          [-122.660242623254, 45.5030393078803], 
          [-122.660251623475, 45.5039393082096], 
          [-122.660260623695, 45.5046413080859], 
          [-122.66028762346, 45.5056403080239], 
          [-122.660287624358, 45.5063333078096], 
          [-122.660296624579, 45.5070443082238], 
          [-122.6603056248, 45.5073053081864], 
          [-122.66031462502, 45.5078273082585], 
          [-122.660323624343, 45.508439308083], 
          [-122.66031462502, 45.509132308035], 
          [-122.660323625241, 45.5099423077438], 
          [-122.660332625462, 45.5106443083026], 
          [-122.660341624785, 45.5113463089189], 
          [-122.660368624549, 45.5121383089003], 
          [-122.660377625668, 45.5127413091744], 
          [-122.660395625211, 45.5134433088146], 
          [-122.660404625432, 45.5141453078816], 
          [-122.660422625874, 45.5149463089281], 
          [-122.660413626551, 45.5156483087599], 
          [-122.660422625874, 45.5163413093332], 
          [-122.660422626772, 45.5170253084624], 
          [-122.660413626551, 45.5178353085054], 
          [-122.660413626551, 45.5185013091635], 
          [-122.660413626551, 45.5192303090468], 
          [-122.660422626772, 45.519950308931], 
          [-122.660422626772, 45.5206433093938], 
          [-122.660422626772, 45.5213363088739], 
          [-122.66041362745, 45.5220383089218], 
          [-122.66041362745, 45.5228213093171]
        ]
      }, 
      "properties" : {
        "NAME" : "Grand"
      }
    }, 
    {
      "type" : "Feature", 
      "geometry" : 
      {
        "type" : "LineString", 
        "coordinates" : 
        [
          [-122.66028762346, 45.5056403080239], 
          [-122.660647624208, 45.5063333078096], 
          [-122.661043624043, 45.5070443082238], 
          [-122.661331624822, 45.5075933084557]
        ]
      }, 
      "properties" : {
        "NAME" : "Union Viaduct"
      }
    }, 
    {
      "type" : "Feature", 
      "geometry" : 
      {
        "type" : "LineString", 
        "coordinates" : 
        [
          [-122.661520629459, 45.5291843098761], 
          [-122.661520629459, 45.5285453094571], 
          [-122.661520628561, 45.5278433094215], 
          [-122.661520629459, 45.5273393088663], 
          [-122.661520628561, 45.5264393094993], 
          [-122.661475628355, 45.5255573096677], 
          [-122.661475627457, 45.5253413088468], 
          [-122.661421627928, 45.5249453090687], 
          [-122.66142162703, 45.5242253095395], 
          [-122.661439627472, 45.5235413091927], 
          [-122.661421627928, 45.5228213086877]
        ]
      }, 
      "properties" : {
        "NAME" : "Martin Luther King"
      }
    }, 
    {
      "type" : "Feature", 
      "geometry" : 
      {
        "type" : "LineString", 
        "coordinates" : 
        [
          [-122.661331624822, 45.5075933084557], 
          [-122.661421625233, 45.5078363083041], 
          [-122.661421625233, 45.5084573079771], 
          [-122.661412625012, 45.509132308035], 
          [-122.661421625233, 45.5099423083733], 
          [-122.661421625233, 45.5106443083026], 
          [-122.661421625233, 45.5113463082895], 
          [-122.661421625233, 45.5121383082708], 
          [-122.661421625233, 45.5127413079155], 
          [-122.661421625233, 45.5134433081851], 
          [-122.661421625233, 45.5141453085111], 
          [-122.661421626132, 45.5149463089281], 
          [-122.66142162703, 45.5156393087045], 
          [-122.66142162703, 45.5163413080743], 
          [-122.66142162703, 45.5170253084624], 
          [-122.661421626132, 45.517844308839], 
          [-122.66142162703, 45.5185103087612], 
          [-122.661421626132, 45.5192303090468], 
          [-122.661466626337, 45.5199683082908], 
          [-122.661430627251, 45.5206343088785], 
          [-122.66142162703, 45.5213363088739], 
          [-122.66142162703, 45.5220293086296], 
          [-122.661421627928, 45.5228213086877]
        ]
      }, 
      "properties" : {
        "NAME" : "Martin Luther King"
      }
    }, 
    {
      "type" : "Feature", 
      "geometry" : 
      {
        "type" : "LineString", 
        "coordinates" : 
        [
          [-122.644114616494, 45.4837433084546], 
          [-122.643412616337, 45.4829423086849], 
          [-122.64271061618, 45.4821413082338], 
          [-122.642467616506, 45.4814213084062], 
          [-122.641126615043, 45.4776413090537], 
          [-122.640901614912, 45.476660308071], 
          [-122.640478614415, 45.474662307822], 
          [-122.640325614254, 45.4739153081549], 
          [-122.638534611631, 45.4655453076851], 
          [-122.638336612162, 45.4646183079897], 
          [-122.638471611882, 45.4638443077056], 
          [-122.638732611998, 45.4625393073914], 
          [-122.638950541489, 45.4614837163335]
        ]
      }, 
      "properties" : {
        "NAME" : "Mcloughlin"
      }
    }, 
    {
      "type" : "Feature", 
      "geometry" : 
      {
        "type" : "LineString", 
        "coordinates" : 
        [
          [-122.645239617149, 45.4843823081292], 
          [-122.647300618312, 45.4855343083907], 
          [-122.647885617394, 45.4858403087514], 
          [-122.648299617671, 45.4860653085304], 
          [-122.649154618887, 45.4865153079115], 
          [-122.650126618483, 45.487028307809], 
          [-122.650711619362, 45.4873433077843], 
          [-122.651926618631, 45.4884413079977], 
          [-122.652403619556, 45.4888733080683], 
          [-122.653924620045, 45.4901423074953], 
          [-122.654797619906, 45.4906463074638], 
          [-122.655832620149, 45.491519307758], 
          [-122.656021621193, 45.4918433072613], 
          [-122.656624620718, 45.4928423075877], 
          [-122.65722762114, 45.4938413078255], 
          [-122.657281620669, 45.4939313072774], 
          [-122.658622622132, 45.4961453071926], 
          [-122.65927062276, 45.4980443081424], 
          [-122.659738622565, 45.4994393081324], 
          [-122.660026623344, 45.500240307541], 
          [-122.660179622606, 45.5008343081909], 
          [-122.660224622812, 45.5012393075023]
        ]
      }, 
      "properties" : {
        "NAME" : "Mcloughlin"
      }
    }, 
    {
      "type" : "Feature", 
      "geometry" : 
      {
        "type" : "LineString", 
        "coordinates" : 
        [
          [-122.669926629103, 45.5229383082089], 
          [-122.669872628677, 45.523739308078], 
          [-122.669872628677, 45.5239643081111], 
          [-122.66990862956, 45.5244323078148], 
          [-122.670376630263, 45.5252063084632], 
          [-122.671024629095, 45.5262683082687], 
          [-122.671384629844, 45.5266013081321], 
          [-122.671519630461, 45.5267453078537]
        ]
      }, 
      "properties" : {
        "NAME" : "Naito"
      }
    }, 
    {
      "type" : "Feature", 
      "geometry" : 
      {
        "type" : "LineString", 
        "coordinates" : 
        [
          [-122.67357162781, 45.5146313072386], 
          [-122.673400627208, 45.5149643067412], 
          [-122.673202627739, 45.5153153076395], 
          [-122.672887627197, 45.5159363078845], 
          [-122.672527628245, 45.5166383079555], 
          [-122.672239628365, 45.5172143078159], 
          [-122.671951628485, 45.5177093074602], 
          [-122.67162762862, 45.5182403082458], 
          [-122.671294627635, 45.5188793073913], 
          [-122.671069628403, 45.5193203075692], 
          [-122.670754628758, 45.5199233076776], 
          [-122.670385628688, 45.5206343082491], 
          [-122.670025627939, 45.5213453080181], 
          [-122.669953628867, 45.5223443085576], 
          [-122.669926629103, 45.5229383082089]
        ]
      }, 
      "properties" : {
        "NAME" : "Naito"
      }
    }, 
    {
      "type" : "Feature", 
      "geometry" : 
      {
        "type" : "LineString", 
        "coordinates" : 
        [
          [-122.675065627637, 45.5119223069204], 
          [-122.674678627125, 45.5126333066125], 
          [-122.674336627716, 45.5132453076883], 
          [-122.67421962754, 45.5134433075556]
        ]
      }, 
      "properties" : {
        "NAME" : "Naito"
      }
    }, 
    {
      "type" : "Feature", 
      "geometry" : 
      {
        "type" : "LineString", 
        "coordinates" : 
        [
          [-122.677324625574, 45.4998443061448], 
          [-122.677306625132, 45.499205306204], 
          [-122.677288625589, 45.4984403058271], 
          [-122.67727962447, 45.4977383060778], 
          [-122.677252624705, 45.497063306033], 
          [-122.677225624043, 45.4955423054407], 
          [-122.677207623601, 45.4948403060847]
        ]
      }, 
      "properties" : {
        "NAME" : "Naito"
      }
    }, 
    {
      "type" : "Feature", 
      "geometry" : 
      {
        "type" : "LineString", 
        "coordinates" : 
        [
          [-122.661520629459, 45.5291843098761], 
          [-122.661520629459, 45.5299133091559]
        ]
      }, 
      "properties" : {
        "NAME" : "Martin Luther King"
      }
    }, 
    {
      "type" : "Feature", 
      "geometry" : 
      {
        "type" : "LineString", 
        "coordinates" : 
        [
          [-122.645239617149, 45.4843823081292], 
          [-122.644114616494, 45.4837433084546]
        ]
      }, 
      "properties" : {
        "NAME" : "Mcloughlin"
      }
    }, 
    {
      "type" : "Feature", 
      "geometry" : 
      {
        "type" : "LineString", 
        "coordinates" : 
        [
          [-122.676001630841, 45.5306243074474], 
          [-122.673229630198, 45.5284193078529], 
          [-122.672599630012, 45.5276723080536], 
          [-122.672104630442, 45.5272223084287], 
          [-122.67193362984, 45.5270873075246], 
          [-122.671519630461, 45.5267453078537]
        ]
      }, 
      "properties" : {
        "NAME" : "Naito"
      }
    }, 
    {
      "type" : "Feature", 
      "geometry" : 
      {
        "type" : "LineString", 
        "coordinates" : 
        [
          [-122.67357162781, 45.5146313072386], 
          [-122.673922628338, 45.5139383076386], 
          [-122.67421962754, 45.5134433075556]
        ]
      }, 
      "properties" : {
        "NAME" : "Naito"
      }
    }, 
    {
      "type" : "Feature", 
      "geometry" : 
      {
        "type" : "LineString", 
        "coordinates" : 
        [
          [-122.699878632802, 45.5155943046291], 
          [-122.699023631586, 45.5157383048286], 
          [-122.698042632668, 45.5158913053056], 
          [-122.696971631542, 45.5160443047372], 
          [-122.696206632534, 45.5160173047566], 
          [-122.695909631535, 45.5159903047631], 
          [-122.695495632157, 45.5159003053207], 
          [-122.693236631525, 45.5154053054997], 
          [-122.691733631477, 45.5150183051819], 
          [-122.69050963019, 45.5148473057455], 
          [-122.690005629502, 45.5147393053367], 
          [-122.689726629842, 45.5146403055668], 
          [-122.689420630419, 45.5144423055044], 
          [-122.688916629731, 45.5139833054846], 
          [-122.688817629098, 45.5138843056437]
        ]
      }, 
      "properties" : {
        "NAME" : "Sunset"
      }
    }, 
    {
      "type" : "Feature", 
      "geometry" : 
      {
        "type" : "LineString", 
        "coordinates" : 
        [
          [-122.677324625574, 45.4998443061448], 
          [-122.677315624455, 45.4999433061253], 
          [-122.677324625574, 45.5006453060881], 
          [-122.677324625574, 45.5007443059195], 
          [-122.67722562584, 45.5035433057575], 
          [-122.677225626738, 45.5041463061935], 
          [-122.677153626768, 45.5048213063212], 
          [-122.677126626105, 45.5051453067312], 
          [-122.677126626105, 45.5054423065181], 
          [-122.677153626768, 45.5071163064023], 
          [-122.677027626371, 45.5077283064025], 
          [-122.676892626652, 45.5083673065604], 
          [-122.676523627479, 45.5093393064394], 
          [-122.675407627944, 45.5113463064009], 
          [-122.675065627637, 45.5119223069204]
        ]
      }, 
      "properties" : {
        "NAME" : "Naito"
      }
    }, 
    {
      "type" : "Feature", 
      "geometry" : 
      {
        "type" : "LineString", 
        "coordinates" : 
        [
          [-122.675065627637, 45.5119223069204], 
          [-122.676001627248, 45.5122103068581], 
          [-122.677054627932, 45.512516306436], 
          [-122.678098628396, 45.5127683069498], 
          [-122.679124629316, 45.5130293061801], 
          [-122.680105628234, 45.5132903067178], 
          [-122.680987629214, 45.5135153063619], 
          [-122.682040629, 45.5137853056286], 
          [-122.683138629891, 45.5140733067339], 
          [-122.683642628782, 45.5141993064787], 
          [-122.684668629703, 45.5144603066261], 
          [-122.685712630166, 45.5147213055632], 
          [-122.686747629511, 45.5150003061271]
        ]
      }, 
      "properties" : {
        "NAME" : "Clay"
      }
    }, 
    {
      "type" : "Feature", 
      "geometry" : 
      {
        "type" : "LineString", 
        "coordinates" : 
        [
          [-122.688322629529, 45.5151443053287], 
          [-122.687944630135, 45.5152073056111], 
          [-122.687719630004, 45.5152433061004]
        ]
      }, 
      "properties" : {
        "NAME" : "Clay"
      }
    }, 
    {
      "type" : "Feature", 
      "geometry" : 
      {
        "type" : "LineString", 
        "coordinates" : 
        [
          [-122.688583630543, 45.5146493057819], 
          [-122.688340630869, 45.5146943055773], 
          [-122.688142630502, 45.5146853053693], 
          [-122.687971629899, 45.5146493057819], 
          [-122.687053629833, 45.5144153053847], 
          [-122.686027628912, 45.5141363063268], 
          [-122.684974629126, 45.5138483055439], 
          [-122.683984629089, 45.5135963060891], 
          [-122.683471629078, 45.513461306479], 
          [-122.682373629086, 45.5131733066481], 
          [-122.681311628181, 45.512885305973], 
          [-122.68043862832, 45.5126603063282], 
          [-122.679430628739, 45.5123993072752], 
          [-122.678422628261, 45.5121383063823], 
          [-122.677405627561, 45.511877306797], 
          [-122.676307627569, 45.5115893070438], 
          [-122.675407627944, 45.5113463064009]
        ]
      }, 
      "properties" : {
        "NAME" : "Market"
      }
    }, 
    {
      "type" : "Feature", 
      "geometry" : 
      {
        "type" : "LineString", 
        "coordinates" : 
        [
          [-122.677324625574, 45.4998443061448], 
          [-122.675227625324, 45.5001413061938], 
          [-122.674696624871, 45.5001953068929], 
          [-122.674219624845, 45.5002403062817], 
          [-122.673931624965, 45.5002673062755], 
          [-122.673652625306, 45.5002853062641], 
          [-122.67324762525, 45.500312306866], 
          [-122.672923625385, 45.5003393068252], 
          [-122.672725625018, 45.5003573067908], 
          [-122.67252762555, 45.5003753061211], 
          [-122.67214962436, 45.5003843067285], 
          [-122.671240624514, 45.5004743064272], 
          [-122.670952624634, 45.5005013069384], 
          [-122.66701962425, 45.5008433068361]
        ]
      }, 
      "properties" : {
        "NAME" : "26"
      }
    }, 
    {
      "type" : "Feature", 
      "geometry" : 
      {
        "type" : "LineString", 
        "coordinates" : 
        [
          [-122.66701962425, 45.5008433068361], 
          [-122.664526624165, 45.5010413075173]
        ]
      }, 
      "properties" : {
        "NAME" : "Ross Island Bridge"
      }
    }, 
    {
      "type" : "Feature", 
      "geometry" : 
      {
        "type" : "LineString", 
        "coordinates" : 
        [
          [-122.664526624165, 45.5010413075173], 
          [-122.661979623653, 45.5012663076466], 
          [-122.661124623336, 45.5013383081781], 
          [-122.660764622587, 45.5013383081781], 
          [-122.66022462371, 45.5013383075484]
        ]
      }, 
      "properties" : {
        "NAME" : "Ross Island Bridge"
      }
    }, 
    {
      "type" : "Feature", 
      "geometry" : 
      {
        "type" : "LineString", 
        "coordinates" : 
        [
          [-122.686747629511, 45.5150003061271], 
          [-122.686351629676, 45.5157563055357], 
          [-122.686000630046, 45.5164313061819]
        ]
      }, 
      "properties" : {
        "NAME" : "12th"
      }
    }, 
    {
      "type" : "Feature", 
      "geometry" : 
      {
        "type" : "LineString", 
        "coordinates" : 
        [
          [-122.687971629899, 45.5146493057819], 
          [-122.687719630004, 45.5152433061004], 
          [-122.687350630832, 45.515990306022]
        ]
      }, 
      "properties" : {
        "NAME" : "13th"
      }
    }, 
    {
      "type" : "Feature", 
      "geometry" : 
      {
        "type" : "LineString", 
        "coordinates" : 
        [
          [-122.687350630832, 45.515990306022], 
          [-122.687494629873, 45.5160173060155], 
          [-122.68762063027, 45.5160443066255], 
          [-122.688016630105, 45.5161613057621], 
          [-122.688277630221, 45.5162243061647], 
          [-122.690347631605, 45.5168003058567], 
          [-122.691283631215, 45.517061305271], 
          [-122.692399631649, 45.5173673055386], 
          [-122.692606631338, 45.5175293057472], 
          [-122.693407632128, 45.5181773056942]
        ]
      }, 
      "properties" : {
        "NAME" : "Columbia"
      }
    }, 
    {
      "type" : "Feature", 
      "geometry" : 
      {
        "type" : "LineString", 
        "coordinates" : 
        [
          [-122.697313631849, 45.5190503052758], 
          [-122.695468632392, 45.5186723050496], 
          [-122.694316632872, 45.518402305941], 
          [-122.694127631828, 45.518339305459], 
          [-122.693407632128, 45.5181773056942], 
          [-122.692165631297, 45.5178983057751], 
          [-122.690977630894, 45.5176103059913], 
          [-122.690005631298, 45.5173853063542], 
          [-122.687917631269, 45.5169083060867], 
          [-122.687602629829, 45.5168363059564], 
          [-122.687242629978, 45.5167643057339], 
          [-122.687125630701, 45.5167103064508], 
          [-122.687008630525, 45.5166743056411], 
          [-122.686000630046, 45.5164313061819]
        ]
      }, 
      "properties" : {
        "NAME" : "Jefferson"
      }
    }, 
    {
      "type" : "Feature", 
      "geometry" : 
      {
        "type" : "LineString", 
        "coordinates" : 
        [
          [-122.688322629529, 45.5151443053287], 
          [-122.688511629675, 45.5151083054055], 
          [-122.688709630041, 45.5150363061194], 
          [-122.688952630614, 45.5149283054439], 
          [-122.689222630951, 45.5147933058817], 
          [-122.68971763052, 45.5147933058817], 
          [-122.69050963019, 45.5148473057455]
        ]
      }, 
      "properties" : {
        "NAME" : "Clay"
      }
    }, 
    {
      "type" : "Feature", 
      "geometry" : 
      {
        "type" : "LineString", 
        "coordinates" : 
        [
          [-122.688583630543, 45.5146493057819], 
          [-122.688853629981, 45.5145413056227], 
          [-122.689132629641, 45.5144783058537], 
          [-122.689420630419, 45.5144423055044], 
          [-122.689825630475, 45.5144243050064], 
          [-122.690320630044, 45.5144423061339], 
          [-122.690824631631, 45.5146403049373], 
          [-122.691733631477, 45.5150183051819]
        ]
      }, 
      "properties" : {
        "NAME" : "Market"
      }
    }, 
    {
      "type" : "Feature", 
      "geometry" : 
      {
        "type" : "LineString", 
        "coordinates" : 
        [
          [-122.663419627545, 45.5228303088532], 
          [-122.662420627288, 45.5228303094826], 
          [-122.661421627928, 45.5228213086877], 
          [-122.66041362745, 45.5228213093171], 
          [-122.659423627413, 45.5228123091502], 
          [-122.658424627155, 45.5228033096113], 
          [-122.657326627163, 45.5228033096113], 
          [-122.656417626418, 45.5227943094415], 
          [-122.655319626426, 45.5227943100709], 
          [-122.654320626169, 45.5227853098996], 
          [-122.653321626809, 45.5227853098996], 
          [-122.653087626457, 45.5227763103563]
        ]
      }, 
      "properties" : {
        "NAME" : "Burnside"
      }
    }, 
    {
      "type" : "Feature", 
      "geometry" : 
      {
        "type" : "LineString", 
        "coordinates" : 
        [
          [-122.665120629757, 45.5253413088468], 
          [-122.664769628331, 45.5250983090559], 
          [-122.664319628069, 45.5249453090687]
        ]
      }, 
      "properties" : {
        "NAME" : "84"
      }
    }, 
    {
      "type" : "Feature", 
      "geometry" : 
      {
        "type" : "LineString", 
        "coordinates" : 
        [
          [-122.663419627545, 45.5228303088532], 
          [-122.663428627766, 45.5235593092918], 
          [-122.663419628444, 45.5242433094197], 
          [-122.66347362887, 45.5247383089049], 
          [-122.663527628399, 45.5252423088489]
        ]
      }, 
      "properties" : {
        "NAME" : "2nd"
      }
    }, 
    {
      "type" : "Feature", 
      "geometry" : 
      {
        "type" : "LineString", 
        "coordinates" : 
        [
          [-122.665111629536, 45.5285453088278], 
          [-122.665597629783, 45.5275193087738], 
          [-122.665624629547, 45.5274383083203], 
          [-122.665723630179, 45.527222309058], 
          [-122.665795629251, 45.5269613083183], 
          [-122.665813628794, 45.5266103083221], 
          [-122.665768628589, 45.526304308604], 
          [-122.665624628649, 45.5259443086186], 
          [-122.665345628989, 45.5255843088466], 
          [-122.665120629757, 45.5253413088468]
        ]
      }, 
      "properties" : {
        "NAME" : "Exit"
      }
    }, 
    {
      "type" : "Feature", 
      "geometry" : 
      {
        "type" : "LineString", 
        "coordinates" : 
        [
          [-122.670376630263, 45.5252063084632], 
          [-122.670403629129, 45.5258723087226], 
          [-122.670421629571, 45.526268308898], 
          [-122.67041262935, 45.5264663082549], 
          [-122.670421629571, 45.5266103076928], 
          [-122.670322629837, 45.5267453084831]
        ]
      }, 
      "properties" : {
        "NAME" : "Naito Pkwy"
      }
    }, 
    {
      "type" : "Feature", 
      "geometry" : 
      {
        "type" : "LineString", 
        "coordinates" : 
        [
          [-122.686747629511, 45.5150003061271], 
          [-122.687719630004, 45.5152433061004]
        ]
      }, 
      "properties" : {
        "NAME" : "Clay"
      }
    }, 
    {
      "type" : "Feature", 
      "geometry" : 
      {
        "type" : "LineString", 
        "coordinates" : 
        [
          [-122.667721629797, 45.5279423086179], 
          [-122.669089630125, 45.5273123086417], 
          [-122.670115630147, 45.5268353082005], 
          [-122.670322629837, 45.5267453084831]
        ]
      }, 
      "properties" : {
        "NAME" : "Steel Bridge"
      }
    }, 
    {
      "type" : "Feature", 
      "geometry" : 
      {
        "type" : "LineString", 
        "coordinates" : 
        [
          [-122.667424629696, 45.5280413088986], 
          [-122.667721629797, 45.5279423086179]
        ]
      }, 
      "properties" : {
        "NAME" : "Steel Bridge"
      }
    }, 
    {
      "type" : "Feature", 
      "geometry" : 
      {
        "type" : "LineString", 
        "coordinates" : 
        [
          [-122.675425625691, 45.5051453067312], 
          [-122.674804625725, 45.5050103069969], 
          [-122.674525626065, 45.5049383067543], 
          [-122.674327626597, 45.5048393067427]
        ]
      }, 
      "properties" : {
        "NAME" : "Exit"
      }
    }, 
    {
      "type" : "Feature", 
      "geometry" : 
      {
        "type" : "LineString", 
        "coordinates" : 
        [
          [-122.496067367243, 45.5424413325949], 
          [-122.499286605828, 45.5424413269325], 
          [-122.510068607177, 45.5424413256742], 
          [-122.516296609076, 45.5432873248504], 
          [-122.526718611474, 45.5446463241236], 
          [-122.530777612254, 45.5453573242612], 
          [-122.531785611835, 45.5455193237673], 
          [-122.53421561217, 45.5459423234923], 
          [-122.535412612795, 45.5461943227659], 
          [-122.537113612311, 45.5465633235061], 
          [-122.547499614724, 45.5475623222078], 
          [-122.549434615491, 45.5476973217759], 
          [-122.550847616025, 45.5477333216059], 
          [-122.551909616032, 45.5477603214633], 
          [-122.55260261507, 45.5477153216938], 
          [-122.553007615126, 45.5476793212231], 
          [-122.555374615712, 45.5470313213903], 
          [-122.556004616798, 45.546815321254], 
          [-122.556481615925, 45.5465363211864], 
          [-122.55711161701, 45.5460413210273], 
          [-122.557246615831, 45.5459333207337], 
          [-122.557489616404, 45.5457623208929], 
          [-122.557615616801, 45.5456453210332], 
          [-122.557813616269, 45.5454113212125], 
          [-122.558128615913, 45.5450153205552], 
          [-122.558992616452, 45.5439803203058], 
          [-122.559235616126, 45.5434133208274], 
          [-122.55939761561, 45.5428823204546], 
          [-122.559505615565, 45.5422523210998], 
          [-122.559667615946, 45.539957320017], 
          [-122.559712615254, 45.5393453206853], 
          [-122.559811614988, 45.5377433204674], 
          [-122.561017614037, 45.5355383199667], 
          [-122.562646614481, 45.5341163203388], 
          [-122.562754614436, 45.5340263196861], 
          [-122.563177614934, 45.5336753197288], 
          [-122.564131614986, 45.5330453197803], 
          [-122.564716614069, 45.532730319362], 
          [-122.565175614551, 45.5325143190264], 
          [-122.565418614226, 45.5324063191767], 
          [-122.566210614794, 45.5321453192083], 
          [-122.568541614497, 45.5317133195066], 
          [-122.568901614347, 45.5316683188487], 
          [-122.569711615358, 45.5316413194435], 
          [-122.570710614717, 45.5316413188142], 
          [-122.573311615655, 45.5316323187998], 
          [-122.573761615917, 45.5317043188745], 
          [-122.575210615538, 45.5321453179497], 
          [-122.577316616009, 45.5329463182388], 
          [-122.578594616824, 45.5334323175553], 
          [-122.578819616955, 45.5335133181867], 
          [-122.579917616947, 45.5338463179486], 
          [-122.580502617827, 45.5340713178281], 
          [-122.582725618473, 45.5348903179925], 
          [-122.584147619229, 45.5353133177765], 
          [-122.584714618768, 45.5354123176681], 
          [-122.585254618543, 45.5354933173354], 
          [-122.585614619291, 45.5355203174083], 
          [-122.586064618655, 45.5355563168561], 
          [-122.586451619168, 45.5355563174854], 
          [-122.586847618104, 45.5355383168205], 
          [-122.587333618351, 45.5354843179375], 
          [-122.587936618774, 45.5353943169572], 
          [-122.588602618946, 45.5352773175439], 
          [-122.589124619178, 45.5351423177248], 
          [-122.589817619114, 45.5349263172144], 
          [-122.592427619374, 45.5335943174429], 
          [-122.594020619834, 45.5328383167017], 
          [-122.59621661892, 45.5318393162489], 
          [-122.600167618847, 45.5297693156563], 
          [-122.601913620365, 45.5288423147738], 
          [-122.60469462033, 45.5277263150668], 
          [-122.60562161972, 45.5273393145303], 
          [-122.6059096196, 45.5273303150862], 
          [-122.606872620771, 45.527312314935], 
          [-122.607313620812, 45.5273393145303], 
          [-122.608528620082, 45.527438315243], 
          [-122.61003162013, 45.5277443144562], 
          [-122.611525621753, 45.5284463144687], 
          [-122.614783622643, 45.530705314011], 
          [-122.616817622245, 45.53164131378], 
          [-122.617717622769, 45.5318393137318], 
          [-122.620165623546, 45.5324693133459], 
          [-122.620615622909, 45.5325413136076], 
          [-122.622487623028, 45.5330273132776], 
          [-122.62331562448, 45.5332433135308], 
          [-122.624944624026, 45.5336303130896], 
          [-122.625304624775, 45.5337023131234], 
          [-122.627239624643, 45.5341613133747], 
          [-122.628022624991, 45.5343413134747], 
          [-122.629723625405, 45.5342423129561], 
          [-122.63032662493, 45.5341433128925], 
          [-122.630920625132, 45.5337113128065], 
          [-122.631019624866, 45.533639312155], 
          [-122.631577625083, 45.5330993128249], 
          [-122.632378624974, 45.5322893129177], 
          [-122.633197624408, 45.5314703126313], 
          [-122.634124624696, 45.5309033122236], 
          [-122.6348896255, 45.5304803119923], 
          [-122.635375624849, 45.5303273127989], 
          [-122.636113624991, 45.5302733120588], 
          [-122.636923625103, 45.5301383121842], 
          [-122.642125625182, 45.5299313116212], 
          [-122.643232626294, 45.5298953110898], 
          [-122.644132626817, 45.5298683108335], 
          [-122.644519626432, 45.5298413111935], 
          [-122.645176627281, 45.5298143115406], 
          [-122.646130626434, 45.5297693106219], 
          [-122.647003626296, 45.5297153112339], 
          [-122.648623627418, 45.5295443111519], 
          [-122.653411628119, 45.528338309954], 
          [-122.658010627776, 45.5264393094993], 
          [-122.659225628843, 45.525944309248], 
          [-122.659819629044, 45.5256923098383]
        ]
      }, 
      "properties" : {
        "NAME" : "84"
      }
    }, 
    {
      "type" : "Feature", 
      "geometry" : 
      {
        "type" : "LineString", 
        "coordinates" : 
        [
          [-122.577406622709, 45.5627543200502], 
          [-122.577379622945, 45.5645453195376], 
          [-122.577379623843, 45.5647163200929], 
          [-122.577325623416, 45.5657423206693], 
          [-122.577325623416, 45.5669393201933], 
          [-122.577325623416, 45.567641320782], 
          [-122.577343624756, 45.5684153210016], 
          [-122.577415623828, 45.5690453207947], 
          [-122.577424624049, 45.5699453205492], 
          [-122.577478625374, 45.5772443204712]
        ]
      }, 
      "properties" : {
        "NAME" : "82nd"
      }
    }, 
    {
      "type" : "Feature", 
      "geometry" : 
      {
        "type" : "LineString", 
        "coordinates" : 
        [
          [-122.577478625374, 45.5772443204712], 
          [-122.577514627156, 45.5826443209512]
        ]
      }, 
      "properties" : {
        "NAME" : "82nd"
      }
    }, 
    {
      "type" : "Feature", 
      "geometry" : 
      {
        "type" : "LineString", 
        "coordinates" : 
        [
          [-122.577514627156, 45.5826443209512], 
          [-122.577217627055, 45.5829413208828], 
          [-122.57688462607, 45.5832203212734]
        ]
      }, 
      "properties" : {
        "NAME" : "Airport"
      }
    }, 
    {
      "type" : "Feature", 
      "geometry" : 
      {
        "type" : "LineString", 
        "coordinates" : 
        [
          [-122.482984104019, 45.4919295107588], 
          [-122.483275593854, 45.4919873260338], 
          [-122.483878593378, 45.4920593252062], 
          [-122.484625593741, 45.492185325111], 
          [-122.485435593853, 45.4923203253708], 
          [-122.48781159466, 45.4928423252197], 
          [-122.489917594232, 45.493238324223], 
          [-122.492455594523, 45.4938323244336], 
          [-122.493013595638, 45.4939403246575], 
          [-122.494714596053, 45.494228324032], 
          [-122.496613595038, 45.4945433240426], 
          [-122.498710597084, 45.4954433241692], 
          [-122.50222059697, 45.4961093240827], 
          [-122.502571597498, 45.4961723242623], 
          [-122.503993598253, 45.4964783235028], 
          [-122.504515597587, 45.4966403233905], 
          [-122.505721597534, 45.497018323625], 
          [-122.506513598102, 45.4972433234594], 
          [-122.508610598352, 45.4977383237083], 
          [-122.510230598576, 45.4981883230207], 
          [-122.512111598916, 45.4986383231444], 
          [-122.513416599495, 45.4989893225955], 
          [-122.514010598799, 45.4991423226402], 
          [-122.514352599106, 45.4992143227396], 
          [-122.514739599618, 45.4992863227469], 
          [-122.515207599423, 45.4993043230492], 
          [-122.515603599258, 45.4992953222691], 
          [-122.516215599902, 45.4992233222733], 
          [-122.51700760047, 45.4990973223739], 
          [-122.518024600272, 45.4990073217334], 
          [-122.519014600309, 45.4988453223589], 
          [-122.519716600465, 45.498701321754], 
          [-122.52091360109, 45.4984403221982], 
          [-122.521831601157, 45.498305322127], 
          [-122.522812600075, 45.498143321992], 
          [-122.524810601489, 45.4977383211897], 
          [-122.525719600436, 45.4976483215253], 
          [-122.527015600795, 45.4976393211102], 
          [-122.527915601319, 45.4976393211102], 
          [-122.529922602055, 45.4974143209691], 
          [-122.530795601916, 45.4974053211463], 
          [-122.531236601957, 45.4974143209691], 
          [-122.5316776011, 45.4973873202369], 
          [-122.531776601732, 45.4973873208666], 
          [-122.532190602009, 45.4974053211463], 
          [-122.532811601975, 45.497441320429], 
          [-122.533414602398, 45.497441320429], 
          [-122.535241602311, 45.497441320429], 
          [-122.535394602472, 45.497441320429], 
          [-122.535511601749, 45.497441320429], 
          [-122.536015602438, 45.497441320429], 
          [-122.536708602374, 45.4973693205812], 
          [-122.537230602606, 45.497333319993], 
          [-122.537419602752, 45.4973243201572], 
          [-122.539111603844, 45.4972433196813], 
          [-122.539669603162, 45.4971983197864], 
          [-122.539894603293, 45.4971713195803], 
          [-122.540110603203, 45.4971443199909], 
          [-122.540614602993, 45.4971443193612], 
          [-122.54176660431, 45.4970723191336], 
          [-122.542018604205, 45.4970453194967], 
          [-122.543413604298, 45.4970453194967], 
          [-122.544700604436, 45.4969823196641], 
          [-122.54501560408, 45.4969643192492], 
          [-122.545213603549, 45.4969463194582], 
          [-122.546905604641, 45.4968113195831], 
          [-122.547814604487, 45.4967393189296], 
          [-122.549092604404, 45.4966673188139], 
          [-122.549344604299, 45.4966223190882], 
          [-122.551171605111, 45.4964333185888], 
          [-122.551621605372, 45.4963883186762], 
          [-122.552215605574, 45.4963433187276], 
          [-122.553349605551, 45.4962713187352], 
          [-122.553772605151, 45.4962353187044], 
          [-122.554330605367, 45.4961903180039], 
          [-122.555815605872, 45.4961453178972], 
          [-122.557003606276, 45.4959923185245], 
          [-122.558218605545, 45.4958393174768], 
          [-122.558884606615, 45.4958303180319], 
          [-122.559271605331, 45.4958753177607], 
          [-122.559649605623, 45.4959473182595], 
          [-122.560081606342, 45.4961363185012], 
          [-122.560513606162, 45.4962443180846], 
          [-122.561611607052, 45.4965773174377], 
          [-122.563816607257, 45.4972433177923], 
          [-122.564707606661, 45.4975133176662], 
          [-122.565418607937, 45.4975403177083], 
          [-122.568118607711, 45.4975403170787], 
          [-122.570116607329, 45.4975403170787], 
          [-122.571412607687, 45.497540316449], 
          [-122.572015609008, 45.497540316449], 
          [-122.572915608634, 45.497540316449], 
          [-122.573698608981, 45.497540316449], 
          [-122.57461660815, 45.497540316449], 
          [-122.576011609141, 45.497540316449], 
          [-122.578513609447, 45.4975403158193], 
          [-122.580718609652, 45.497540316449], 
          [-122.581816610542, 45.4975403158193], 
          [-122.582311610112, 45.4975403151897], 
          [-122.582716611066, 45.4975403158193], 
          [-122.583418610324, 45.4975403151897], 
          [-122.583715609527, 45.4975403158193], 
          [-122.584417610582, 45.4975403158193], 
          [-122.584714610683, 45.4975403151897], 
          [-122.585713610043, 45.4975403151897], 
          [-122.586613611464, 45.4975403158193], 
          [-122.586910611565, 45.4975403151897], 
          [-122.587810610292, 45.4975403151897], 
          [-122.589016611138, 45.4975403151897], 
          [-122.589718611295, 45.4975403151897], 
          [-122.590141611792, 45.4975043147108], 
          [-122.590996611212, 45.4974773152812], 
          [-122.592166611174, 45.4974773140218], 
          [-122.59309361236, 45.4974413141324], 
          [-122.594110612161, 45.4974413141324], 
          [-122.594515611318, 45.4974503145791], 
          [-122.595217611475, 45.4974413141324], 
          [-122.595514611576, 45.4974413141324], 
          [-122.596216612631, 45.4974413141324], 
          [-122.5964146121, 45.4974413141324], 
          [-122.597116613155, 45.4974413141324], 
          [-122.597413612358, 45.4974413135027], 
          [-122.598214612249, 45.4974413141324], 
          [-122.598412612615, 45.4974413141324], 
          [-122.599150611859, 45.4974413135027], 
          [-122.600212612764, 45.4974413135027], 
          [-122.601715613711, 45.4974413141324], 
          [-122.602912613437, 45.497441312873], 
          [-122.603812613062, 45.497441312873], 
          [-122.604316613751, 45.497441312873], 
          [-122.604910613952, 45.497441312873], 
          [-122.605918613533, 45.497441312873], 
          [-122.606899613349, 45.4974413135027], 
          [-122.607916614048, 45.4974413135027], 
          [-122.608780614587, 45.4974413135027], 
          [-122.610013614298, 45.497441312873], 
          [-122.611318613979, 45.4974413122434], 
          [-122.612398615326, 45.4974413122434], 
          [-122.613514613963, 45.4974413122434], 
          [-122.614009615329, 45.4974413122434], 
          [-122.614513615119, 45.497441312873], 
          [-122.614999615366, 45.49746831232], 
          [-122.616313615268, 45.4974413122434], 
          [-122.617915615949, 45.4973963125066], 
          [-122.618410616416, 45.4973783115944], 
          [-122.618815616472, 45.4973693123955], 
          [-122.620714615457, 45.4973063110363], 
          [-122.62261361534, 45.4972433114956], 
          [-122.623828617305, 45.4971083117029], 
          [-122.624710616488, 45.4970453119407], 
          [-122.625610616114, 45.4969463112725], 
          [-122.626267616963, 45.4968833113291], 
          [-122.62761761685, 45.4967393107439], 
          [-122.629507617411, 45.4966853105083], 
          [-122.630614617623, 45.4966403107971], 
          [-122.631316616882, 45.4966133109531], 
          [-122.632315618038, 45.4966403101674], 
          [-122.633422618251, 45.4968473104302], 
          [-122.635348617898, 45.4972163100518], 
          [-122.636536618302, 45.4974413097247], 
          [-122.637427618605, 45.4976213095714], 
          [-122.639515618633, 45.4979003098966], 
          [-122.640613619524, 45.4980443100314], 
          [-122.641621620002, 45.4983323098258], 
          [-122.642467619201, 45.4985753099823], 
          [-122.64341261993, 45.4988633095795], 
          [-122.64426761935, 45.4990973091513], 
          [-122.645428620888, 45.4994303092629], 
          [-122.646508621336, 45.4997453091383], 
          [-122.647615620651, 45.4998983090177], 
          [-122.648326621029, 45.4999973095329], 
          [-122.649001621421, 45.5000873085909], 
          [-122.650000620781, 45.5002133094232], 
          [-122.650927621967, 45.5003393087141], 
          [-122.651620621005, 45.5004833082781], 
          [-122.652052621723, 45.5006093088537], 
          [-122.652619621262, 45.500744308438], 
          [-122.653771621681, 45.5010053086473], 
          [-122.654320621677, 45.5011403085413], 
          [-122.655319622833, 45.5011763085842], 
          [-122.656498622118, 45.5012123086042], 
          [-122.657326622671, 45.5012393081319], 
          [-122.658352622693, 45.5012843085752], 
          [-122.659108623277, 45.5013023082386], 
          [-122.6594146227, 45.5013113074386], 
          [-122.66022462371, 45.5013383075484]
        ]
      }, 
      "properties" : {
        "NAME" : "Powell"
      }
    }, 
    {
      "type" : "Feature", 
      "geometry" : 
      {
        "type" : "LineString", 
        "coordinates" : 
        [
          [-122.567704620909, 45.5625473206889], 
          [-122.567128621149, 45.5623853212036], 
          [-122.56489662118, 45.5615213215104], 
          [-122.563285621177, 45.5608553214052], 
          [-122.561440619924, 45.5601083216429], 
          [-122.561386619498, 45.5600273222162], 
          [-122.561089620295, 45.559586321052], 
          [-122.561008619206, 45.559460321701]
        ]
      }, 
      "properties" : {
        "NAME" : "Columbia"
      }
    }, 
    {
      "type" : "Feature", 
      "geometry" : 
      {
        "type" : "LineString", 
        "coordinates" : 
        [
          [-122.491943744356, 45.5485170853627], 
          [-122.495812606825, 45.5492453276192], 
          [-122.500114608178, 45.5503433271183], 
          [-122.500447609162, 45.5504333274462], 
          [-122.501410607638, 45.550676327234], 
          [-122.503615608741, 45.5512433270568], 
          [-122.505910610256, 45.5516393266159], 
          [-122.508277609944, 45.5521433264229], 
          [-122.510140610741, 45.5525303267454], 
          [-122.511022610823, 45.5526743261266], 
          [-122.513884610978, 45.5531513256877], 
          [-122.515828611067, 45.5534843255215], 
          [-122.51795261198, 45.5538443253493], 
          [-122.519554611762, 45.5541503255599], 
          [-122.520319611668, 45.5542853250306], 
          [-122.521597612483, 45.5544923252667], 
          [-122.52251561255, 45.5546453253887], 
          [-122.526313613215, 45.5552393242084], 
          [-122.528311612832, 45.5556443244929], 
          [-122.529319613311, 45.5558153244635], 
          [-122.533810614809, 45.5565443244595], 
          [-122.536105615426, 45.5569403237781], 
          [-122.537113615905, 45.5571383239635], 
          [-122.538040615294, 45.5572733231752], 
          [-122.539417615844, 45.5574443232206], 
          [-122.541010616303, 45.557642323517], 
          [-122.542936616849, 45.5578673237789], 
          [-122.543917617563, 45.557939322968], 
          [-122.547166616435, 45.5582723227347], 
          [-122.548318617752, 45.5583893227282], 
          [-122.549218617377, 45.558443322885], 
          [-122.55032561759, 45.5585693226296], 
          [-122.551315618525, 45.5586413228061], 
          [-122.552332618327, 45.5586953220918], 
          [-122.553214618408, 45.5587403225051], 
          [-122.554411618135, 45.5588573221531], 
          [-122.555410618392, 45.5589383220086], 
          [-122.555815618448, 45.5589833222273], 
          [-122.556418619769, 45.559046321844], 
          [-122.557435619571, 45.5590913213473], 
          [-122.558416619387, 45.5591453214583], 
          [-122.559424618967, 45.5591903215112], 
          [-122.560414619902, 45.5592443215272], 
          [-122.561008619206, 45.559460321701]
        ]
      }, 
      "properties" : {
        "NAME" : "Sandy"
      }
    }, 
    {
      "type" : "Feature", 
      "geometry" : 
      {
        "type" : "LineString", 
        "coordinates" : 
        [
          [-122.561818619318, 45.5589293219605], 
          [-122.561008619206, 45.559460321701]
        ]
      }, 
      "properties" : {
        "NAME" : "Sandy"
      }
    }
  ]
}
