{
  "type" : "FeatureCollection", 
  "features" : [
    {
      "type" : "Feature", 
      "geometry" : 
      {
        "type" : "Polygon", 
        "coordinates" : 
        [
          [
            [-122.674782719283, 45.5667472269693], 
            [-122.674782719503, 45.5665555400635], 
            [-122.678132438154, 45.5664958472162], 
            [-122.678086467927, 45.5696171231437], 
            [-122.674782719828, 45.5696171237765], 
            [-122.674782719283, 45.5667472269693]
          ]
        ]
      }, 
      "properties" : {
        "holc_grade" : "A"
      }
    }, 
    {
      "type" : "Feature", 
      "geometry" : 
      {
        "type" : "Polygon", 
        "coordinates" : 
        [
          [
            [-122.703861014122, 45.5098429700165], 
            [-122.703837245819, 45.5096430951717], 
            [-122.703005367636, 45.51017609527], 
            [-122.702339864306, 45.510309344761], 
            [-122.701874577477, 45.5101901041545], 
            [-122.694995561239, 45.50842716943], 
            [-122.695538115746, 45.5072251527888], 
            [-122.695732367509, 45.5067947891175], 
            [-122.696231495452, 45.5063283856255], 
            [-122.696896997457, 45.5060285535381], 
            [-122.697657572802, 45.5058619789223], 
            [-122.698822204307, 45.5059619229863], 
            [-122.699630315371, 45.5062450993378], 
            [-122.700129442943, 45.5062117842799], 
            [-122.700153209627, 45.5059952381114], 
            [-122.699796691589, 45.505645431453], 
            [-122.698204237208, 45.5046459713045], 
            [-122.698489452309, 45.5041462345926], 
            [-122.698988579702, 45.5039796546513], 
            [-122.699511474957, 45.5041628929315], 
            [-122.699891762286, 45.504812549284], 
            [-122.700414658283, 45.5054955135331], 
            [-122.700747409371, 45.5056287743552], 
            [-122.701127697166, 45.5056287744585], 
            [-122.701222769572, 45.5052789647408], 
            [-122.700985089925, 45.5047958912423], 
            [-122.701389144725, 45.5044793928178], 
            [-122.701270306148, 45.5033799628751], 
            [-122.70210218402, 45.5020306331116], 
            [-122.703433191408, 45.5013309682977], 
            [-122.704621588928, 45.501081084964], 
            [-122.704906805339, 45.5012976504784], 
            [-122.704645356596, 45.5022305356156], 
            [-122.704193765836, 45.5025970220034], 
            [-122.704550285189, 45.5027636060546], 
            [-122.70507318042, 45.5024970718628], 
            [-122.7062140441, 45.5019973163916], 
            [-122.707545049011, 45.5013642858746], 
            [-122.707806498467, 45.5010477684162], 
            [-122.708947359975, 45.5010977443459], 
            [-122.709921847589, 45.50109774425], 
            [-122.710444743566, 45.5009144963167], 
            [-122.711942124698, 45.5015142140856], 
            [-122.712156035744, 45.5019140229769], 
            [-122.712156036527, 45.5022471945799], 
            [-122.712797771735, 45.5030134814003], 
            [-122.712583859745, 45.5033633043678], 
            [-122.711347925567, 45.5036298348253], 
            [-122.710753726303, 45.5039130222684], 
            [-122.709921847629, 45.5039130226548], 
            [-122.709375183932, 45.5038463902212], 
            [-122.708899823461, 45.503496570455], 
            [-122.707449978375, 45.5042461829174], 
            [-122.705619843587, 45.5054955141189], 
            [-122.705358396, 45.5058286640197], 
            [-122.705548540676, 45.5059952386458], 
            [-122.708139249157, 45.5061118406842], 
            [-122.708543305435, 45.5061118399217], 
            [-122.709089967954, 45.5070113317427], 
            [-122.709232575933, 45.5074610724821], 
            [-122.709018663896, 45.5080607201427], 
            [-122.707996641466, 45.5086770186736], 
            [-122.707521282403, 45.5085770790972], 
            [-122.707022154371, 45.5081273477709], 
            [-122.706618099038, 45.5081273476569], 
            [-122.706855778165, 45.5086103920437], 
            [-122.706332883937, 45.5091434024868], 
            [-122.70578621953, 45.5094432183807], 
            [-122.705453468301, 45.5100095332947], 
            [-122.704740429404, 45.5103759688701], 
            [-122.704265069478, 45.5102760328735], 
            [-122.703861014122, 45.5098429700165]
          ]
        ]
      }, 
      "properties" : {
        "holc_grade" : "A"
      }
    }, 
    {
      "type" : "Feature", 
      "geometry" : 
      {
        "type" : "Polygon", 
        "coordinates" : 
        [
          [
            [-122.704288124219, 45.4989203882986], 
            [-122.704377254272, 45.4983581269456], 
            [-122.703426534919, 45.4983581270468], 
            [-122.702832336399, 45.4982748281131], 
            [-122.702535236146, 45.4979624578132], 
            [-122.702416396384, 45.4976084367169], 
            [-122.702030167349, 45.4977125614117], 
            [-122.701970746709, 45.4984206008817], 
            [-122.701851907464, 45.4987537929129], 
            [-122.701109158287, 45.4989620374675], 
            [-122.699920758939, 45.4987746179766], 
            [-122.699445399956, 45.4985038992787], 
            [-122.699178010188, 45.4985871967615], 
            [-122.699267139995, 45.4993368744523], 
            [-122.698940330615, 45.4998574783598], 
            [-122.697959900857, 45.4996492375308], 
            [-122.697603381943, 45.4986080217764], 
            [-122.697217153114, 45.4983581270262], 
            [-122.697306282644, 45.4978791586913], 
            [-122.697870772497, 45.4974210125254], 
            [-122.69795990139, 45.4969212113553], 
            [-122.697930191011, 45.4967546098429], 
            [-122.696741792918, 45.4973377126539], 
            [-122.696355563146, 45.4972960626671], 
            [-122.696414983276, 45.4967546101336], 
            [-122.697038892452, 45.4958382939196], 
            [-122.697751932963, 45.4955675615711], 
            [-122.697811352975, 45.4951718736052], 
            [-122.697722221873, 45.4948803120839], 
            [-122.696979472495, 45.4946304003801], 
            [-122.696979473536, 45.4937973558988], 
            [-122.69665266282, 45.4936099189814], 
            [-122.69608817472, 45.4934224808936], 
            [-122.696028754438, 45.4932142162271], 
            [-122.696385272814, 45.4924228040052], 
            [-122.696414983436, 45.4921312276961], 
            [-122.695493974224, 45.491506417716], 
            [-122.695612815186, 45.4907358082717], 
            [-122.696830923296, 45.4907566359648], 
            [-122.696890343144, 45.4913606278557], 
            [-122.697425122245, 45.491568899333], 
            [-122.697722221932, 45.4915480723594], 
            [-122.697900482495, 45.4912773185407], 
            [-122.697930191086, 45.4909440817404], 
            [-122.69798961147, 45.4906108433623], 
            [-122.700099019738, 45.490631670564], 
            [-122.700425828348, 45.4912773184732], 
            [-122.701138868423, 45.4917771695726], 
            [-122.702951177051, 45.4917979962978], 
            [-122.703664215408, 45.4921728821119], 
            [-122.704169285172, 45.493276696178], 
            [-122.704347544737, 45.4936932240823], 
            [-122.704941743936, 45.494172227258], 
            [-122.707615641308, 45.4941305749102], 
            [-122.708061290524, 45.4947761824568], 
            [-122.707229410892, 45.4949636156914], 
            [-122.706754051611, 45.4951926996598], 
            [-122.705773622723, 45.4956925153201], 
            [-122.705803332395, 45.4959215962648], 
            [-122.707883031356, 45.4959007708969], 
            [-122.70907142919, 45.4961298513497], 
            [-122.710348956907, 45.4973377128342], 
            [-122.71055692747, 45.4978375099336], 
            [-122.706694631481, 45.4978375097381], 
            [-122.706724341394, 45.5002947810023], 
            [-122.705387393048, 45.4997117096541], 
            [-122.704466385249, 45.4994201716435], 
            [-122.704288124219, 45.4989203882986]
          ]
        ]
      }, 
      "properties" : {
        "holc_grade" : "A"
      }
    }, 
    {
      "type" : "Feature", 
      "geometry" : 
      {
        "type" : "Polygon", 
        "coordinates" : 
        [
          [
            [-122.69248529644, 45.4853178854121], 
            [-122.683750565831, 45.4853178859326], 
            [-122.684047665611, 45.4844638731202], 
            [-122.684017955578, 45.4837764873022], 
            [-122.683394046497, 45.4829849426161], 
            [-122.683304916276, 45.4819434190454], 
            [-122.683453465948, 45.4811726782821], 
            [-122.683720855566, 45.480589408743], 
            [-122.684344765166, 45.4801102893912], 
            [-122.68499838465, 45.4800061328637], 
            [-122.689157780252, 45.4802561088197], 
            [-122.692425875402, 45.4789437222209], 
            [-122.69248529644, 45.4853178854121]
          ]
        ]
      }, 
      "properties" : {
        "holc_grade" : "A"
      }
    }, 
    {
      "type" : "Feature", 
      "geometry" : 
      {
        "type" : "Polygon", 
        "coordinates" : 
        [
          [
            [-122.626583743628, 45.4791942637063], 
            [-122.626583744598, 45.4749652729953], 
            [-122.626197514383, 45.4744861065192], 
            [-122.626138094454, 45.4649019161924], 
            [-122.634694563814, 45.4673397883725], 
            [-122.6346945648, 45.4686524453499], 
            [-122.635556154196, 45.4688816368415], 
            [-122.635674993146, 45.4720902113171], 
            [-122.63579383304, 45.4727985729066], 
            [-122.636388031856, 45.47361109523], 
            [-122.637071362097, 45.4742777715269], 
            [-122.636441510336, 45.4745427723622], 
            [-122.635414733739, 45.4748627725748], 
            [-122.634920360751, 45.4752494378042], 
            [-122.634825287634, 45.4757694307761], 
            [-122.634901345426, 45.4767160720071], 
            [-122.634292885649, 45.4778226886884], 
            [-122.634235842258, 45.4782893276153], 
            [-122.634273871245, 45.4787026338263], 
            [-122.632600605839, 45.4793692493893], 
            [-122.631136498979, 45.4792492591383], 
            [-122.630470995548, 45.4789292839531], 
            [-122.629995636471, 45.4788759542073], 
            [-122.629235061549, 45.4791026038513], 
            [-122.627713911189, 45.4792359268698], 
            [-122.626583743628, 45.4791942637063]
          ]
        ]
      }, 
      "properties" : {
        "holc_grade" : "A"
      }
    }, 
    {
      "type" : "Feature", 
      "geometry" : 
      {
        "type" : "Polygon", 
        "coordinates" : 
        [
          [
            [-122.666828863858, 45.4537237192088], 
            [-122.666619104442, 45.4487929020255], 
            [-122.660280787739, 45.4488967145565], 
            [-122.65999557089, 45.4485632276572], 
            [-122.659900500102, 45.4475627541934], 
            [-122.660898754378, 45.4482630871871], 
            [-122.660946290912, 45.4474627056166], 
            [-122.662372368299, 45.4474627054853], 
            [-122.662229760365, 45.4408591261425], 
            [-122.661279041836, 45.4404588848174], 
            [-122.659852963264, 45.4394249139971], 
            [-122.659757891477, 45.4372635196003], 
            [-122.672164773412, 45.4372635195317], 
            [-122.672497524909, 45.448696622943], 
            [-122.672533177146, 45.4518271477045], 
            [-122.674850554567, 45.4536820372811], 
            [-122.666828863858, 45.4537237192088]
          ]
        ]
      }, 
      "properties" : {
        "holc_grade" : "A"
      }
    }, 
    {
      "type" : "Feature", 
      "geometry" : 
      {
        "type" : "Polygon", 
        "coordinates" : 
        [
          [
            [-122.654719080972, 45.448363133826], 
            [-122.653055323064, 45.4459286103808], 
            [-122.651629244778, 45.4443611207144], 
            [-122.650535917733, 45.4435273322301], 
            [-122.648824624928, 45.442993701769], 
            [-122.647160866428, 45.4424267132868], 
            [-122.646828114926, 45.4416596019193], 
            [-122.647065794554, 45.4406590062426], 
            [-122.647873905705, 45.4393915595016], 
            [-122.648872159941, 45.4382241487913], 
            [-122.649727806967, 45.4373235593548], 
            [-122.650060558924, 45.4365897343799], 
            [-122.65025070251, 45.4360560373942], 
            [-122.651334522367, 45.4361827911799], 
            [-122.652672275098, 45.4363044752099], 
            [-122.654414851845, 45.4364629824906], 
            [-122.656867707139, 45.4361427637053], 
            [-122.656924749937, 45.4372635190445], 
            [-122.659757891477, 45.4372635196003], 
            [-122.659852963264, 45.4394249139971], 
            [-122.661279041836, 45.4404588848174], 
            [-122.662229760365, 45.4408591261425], 
            [-122.662372368299, 45.4474627054853], 
            [-122.660946290912, 45.4474627056166], 
            [-122.660898754378, 45.4482630871871], 
            [-122.659900500102, 45.4475627541934], 
            [-122.65999557089, 45.4485632276572], 
            [-122.660280787739, 45.4488967145565], 
            [-122.660328323873, 45.4495303347019], 
            [-122.655527193276, 45.4494969865162], 
            [-122.654719080972, 45.448363133826]
          ]
        ]
      }, 
      "properties" : {
        "holc_grade" : "A"
      }
    }, 
    {
      "type" : "Feature", 
      "geometry" : 
      {
        "type" : "Polygon", 
        "coordinates" : 
        [
          [
            [-122.652672275098, 45.4363044752099], 
            [-122.651334522367, 45.4361827911799], 
            [-122.655042325074, 45.4245336290371], 
            [-122.655612757869, 45.4233725839483], 
            [-122.673923603991, 45.4233325475117], 
            [-122.674494035107, 45.4372635192189], 
            [-122.672164773412, 45.4372635195317], 
            [-122.659757891477, 45.4372635196003], 
            [-122.656924749937, 45.4372635190445], 
            [-122.656867707139, 45.4361427637053], 
            [-122.654414851845, 45.4364629824906], 
            [-122.652672275098, 45.4363044752099]
          ]
        ]
      }, 
      "properties" : {
        "holc_grade" : "A"
      }
    }, 
    {
      "type" : "Feature", 
      "geometry" : 
      {
        "type" : "Polygon", 
        "coordinates" : 
        [
          [
            [-122.613853838154, 45.5416838876939], 
            [-122.616206867854, 45.541409213557], 
            [-122.618452940871, 45.5422082615709], 
            [-122.618845112328, 45.5428325089081], 
            [-122.619272936619, 45.5432320242083], 
            [-122.619665107676, 45.5432320245574], 
            [-122.620092931094, 45.5428325089622], 
            [-122.620556406468, 45.5427076599737], 
            [-122.621519008895, 45.5431321449474], 
            [-122.622873784174, 45.5436814748659], 
            [-122.622659872125, 45.544006076134], 
            [-122.622160745392, 45.5443806133957], 
            [-122.622196397088, 45.5447052108538], 
            [-122.62308769643, 45.5445054583256], 
            [-122.624085950886, 45.5445803656394], 
            [-122.625048553529, 45.5448550240436], 
            [-122.625333769126, 45.5451796184825], 
            [-122.625797244582, 45.5459786115495], 
            [-122.62839983781, 45.5462532636251], 
            [-122.629148528615, 45.5459786123472], 
            [-122.63078851847, 45.5460285493356], 
            [-122.630798917342, 45.5483245502544], 
            [-122.635077151882, 45.5483453560818], 
            [-122.635314832812, 45.5487614772534], 
            [-122.636206131956, 45.5491151770233], 
            [-122.637245979725, 45.5489903420524], 
            [-122.639147417988, 45.5499265979393], 
            [-122.640662626555, 45.551258134953], 
            [-122.642920583728, 45.5515910140857], 
            [-122.64283145387, 45.5530057294301], 
            [-122.640989436399, 45.5530473385614], 
            [-122.635968452202, 45.5514453802017], 
            [-122.635938742473, 45.5518406722808], 
            [-122.633918464399, 45.5518822823177], 
            [-122.633918464515, 45.5530889468354], 
            [-122.630680077786, 45.5531513603417], 
            [-122.63068156259, 45.5539429593036], 
            [-122.625547681125, 45.5538680649499], 
            [-122.625618984713, 45.5505476386209], 
            [-122.623622475582, 45.550447773822], 
            [-122.622873784294, 45.5487750001475], 
            [-122.623052043339, 45.5458537699906], 
            [-122.618274681349, 45.545654022768], 
            [-122.618096421366, 45.5438312910663], 
            [-122.617597294236, 45.542907418347], 
            [-122.615814696593, 45.54283250861], 
            [-122.614531226102, 45.54253287045], 
            [-122.613426015413, 45.5425328710812], 
            [-122.613853838154, 45.5416838876939]
          ]
        ]
      }, 
      "properties" : {
        "holc_grade" : "A"
      }
    }, 
    {
      "type" : "Feature", 
      "geometry" : 
      {
        "type" : "Polygon", 
        "coordinates" : 
        [
          [
            [-122.630966779338, 45.5412344207758], 
            [-122.631038083025, 45.5378383332844], 
            [-122.631038082826, 45.5371141405834], 
            [-122.636849352646, 45.5370392236297], 
            [-122.63766934772, 45.5374387796557], 
            [-122.638275430541, 45.5374138079517], 
            [-122.638196698379, 45.5429563175171], 
            [-122.634304694271, 45.5429563177828], 
            [-122.633977884585, 45.543642979905], 
            [-122.633086584634, 45.543663787943], 
            [-122.632938034835, 45.546743263709], 
            [-122.635136572732, 45.5468056834475], 
            [-122.635077151882, 45.5483453560818], 
            [-122.630798917342, 45.5483245502544], 
            [-122.63078851847, 45.5460285493356], 
            [-122.630966779338, 45.5412344207758]
          ]
        ]
      }, 
      "properties" : {
        "holc_grade" : "A"
      }
    }, 
    {
      "type" : "Feature", 
      "geometry" : 
      {
        "type" : "Polygon", 
        "coordinates" : 
        [
          [
            [-122.604789763027, 45.5376900964222], 
            [-122.601848476914, 45.5376900960154], 
            [-122.601818767384, 45.5408531341163], 
            [-122.597035461978, 45.5409155610993], 
            [-122.599457023021, 45.5400701600808], 
            [-122.599357197637, 45.5373932051431], 
            [-122.596134259862, 45.5373532495547], 
            [-122.596105738546, 45.5349458784219], 
            [-122.604776295694, 45.5350257924661], 
            [-122.604789763027, 45.5376900964222]
          ]
        ]
      }, 
      "properties" : {
        "holc_grade" : "A"
      }
    }, 
    {
      "type" : "Feature", 
      "geometry" : 
      {
        "type" : "Polygon", 
        "coordinates" : 
        [
          [
            [-122.701844011367, 45.5275756570167], 
            [-122.700762481954, 45.5257675214522], 
            [-122.700589159211, 45.5255506845], 
            [-122.700346542912, 45.5252471577698], 
            [-122.698594694443, 45.5236805808311], 
            [-122.700655526352, 45.5238733739941], 
            [-122.70251537063, 45.5241439703032], 
            [-122.704807780091, 45.5239916689501], 
            [-122.705961726119, 45.5239150042844], 
            [-122.707090704917, 45.523956633813], 
            [-122.703733479187, 45.5252263426429], 
            [-122.703079859706, 45.525663449086], 
            [-122.703555219445, 45.5260797368954], 
            [-122.704505938239, 45.5262878806452], 
            [-122.705486367018, 45.5266209076771], 
            [-122.7067936065, 45.5270580027578], 
            [-122.707922584371, 45.5269747473371], 
            [-122.708071133922, 45.5284941490365], 
            [-122.70795229391, 45.529264241571], 
            [-122.708576203729, 45.529285055009], 
            [-122.709259532424, 45.5294307471149], 
            [-122.709972572421, 45.5299094456255], 
            [-122.709883442382, 45.5291393622453], 
            [-122.710180542686, 45.5289104166416], 
            [-122.71089358132, 45.5289936698719], 
            [-122.711666039707, 45.5289728567033], 
            [-122.711933429678, 45.5278697425667], 
            [-122.71231965894, 45.5273910250794], 
            [-122.711547199903, 45.5270163750587], 
            [-122.711725460106, 45.5267041639001], 
            [-122.712379079508, 45.5264960229659], 
            [-122.712705888173, 45.5266000933389], 
            [-122.71353776759, 45.5267874205612], 
            [-122.714429066553, 45.526454393814], 
            [-122.715245552787, 45.5259750525195], 
            [-122.71529065687, 45.5286398427653], 
            [-122.711636329705, 45.5326983091791], 
            [-122.710655900843, 45.532698308897], 
            [-122.710655900535, 45.5332810383002], 
            [-122.709645762002, 45.5333018501117], 
            [-122.704505938534, 45.5301383873544], 
            [-122.703792899379, 45.5299510713621], 
            [-122.703674059337, 45.5290144830984], 
            [-122.702069720845, 45.5279529966244], 
            [-122.701844011367, 45.5275756570167]
          ]
        ]
      }, 
      "properties" : {
        "holc_grade" : "A"
      }
    }, 
    {
      "type" : "Feature", 
      "geometry" : 
      {
        "type" : "Polygon", 
        "coordinates" : 
        [
          [
            [-122.703733479187, 45.5252263426429], 
            [-122.704268257957, 45.5253720447881], 
            [-122.707090705548, 45.525559376701], 
            [-122.709497212654, 45.5252887869294], 
            [-122.710299381749, 45.5247476033277], 
            [-122.711666039662, 45.5247684179497], 
            [-122.712854438944, 45.5241439700119], 
            [-122.713923997576, 45.5239566340659], 
            [-122.715201526173, 45.5233738078698], 
            [-122.715245552787, 45.5259750525195], 
            [-122.714429066553, 45.526454393814], 
            [-122.71353776759, 45.5267874205612], 
            [-122.712705888173, 45.5266000933389], 
            [-122.712379079508, 45.5264960229659], 
            [-122.711725460106, 45.5267041639001], 
            [-122.711547199903, 45.5270163750587], 
            [-122.71231965894, 45.5273910250794], 
            [-122.711933429678, 45.5278697425667], 
            [-122.711666039707, 45.5289728567033], 
            [-122.71089358132, 45.5289936698719], 
            [-122.710180542686, 45.5289104166416], 
            [-122.709883442382, 45.5291393622453], 
            [-122.709972572421, 45.5299094456255], 
            [-122.709259532424, 45.5294307471149], 
            [-122.708576203729, 45.529285055009], 
            [-122.70795229391, 45.529264241571], 
            [-122.708071133922, 45.5284941490365], 
            [-122.707922584371, 45.5269747473371], 
            [-122.7067936065, 45.5270580027578], 
            [-122.705486367018, 45.5266209076771], 
            [-122.704505938239, 45.5262878806452], 
            [-122.703555219445, 45.5260797368954], 
            [-122.703079859706, 45.525663449086], 
            [-122.703733479187, 45.5252263426429]
          ]
        ]
      }, 
      "properties" : {
        "holc_grade" : "A"
      }
    }, 
    {
      "type" : "Feature", 
      "geometry" : 
      {
        "type" : "Polygon", 
        "coordinates" : 
        [
          [
            [-122.707090704917, 45.523956633813], 
            [-122.705961726119, 45.5239150042844], 
            [-122.704807780091, 45.5239916689501], 
            [-122.70465448846, 45.5211673379384], 
            [-122.705961726225, 45.5211673376364], 
            [-122.70599143644, 45.5203971346237], 
            [-122.707417514269, 45.5202930520504], 
            [-122.710418221156, 45.5190232325468], 
            [-122.710418220854, 45.5181489134544], 
            [-122.715082686559, 45.5181905482534], 
            [-122.715142106617, 45.5197934544356], 
            [-122.723550026069, 45.519835088117], 
            [-122.723490607188, 45.5212714181125], 
            [-122.72253988774, 45.5206469312551], 
            [-122.72108409881, 45.5209175434004], 
            [-122.719450051558, 45.5217710032611], 
            [-122.717370352531, 45.5218542674328], 
            [-122.71463703634, 45.5228326057403], 
            [-122.712913859103, 45.5227909748564], 
            [-122.711101551244, 45.5229366836598], 
            [-122.708130554518, 45.5238109276137], 
            [-122.707090704917, 45.523956633813]
          ]
        ]
      }, 
      "properties" : {
        "holc_grade" : "A"
      }
    }, 
    {
      "type" : "Feature", 
      "geometry" : 
      {
        "type" : "Polygon", 
        "coordinates" : 
        [
          [
            [-122.724586309996, 45.5154151227548], 
            [-122.722913044487, 45.5153618274908], 
            [-122.722133455803, 45.5151086766972], 
            [-122.721163721687, 45.5151219999276], 
            [-122.720079901829, 45.5154550934186], 
            [-122.719813702164, 45.5071005165214], 
            [-122.724167994148, 45.5084064172898], 
            [-122.724852510436, 45.5090593570855], 
            [-122.725822245113, 45.509432461261], 
            [-122.726050417205, 45.5100054386847], 
            [-122.724700396901, 45.5108049319507], 
            [-122.724091935928, 45.5115377914965], 
            [-122.724339122329, 45.5119108788992], 
            [-122.725042655142, 45.51193752831], 
            [-122.72563210077, 45.5119242035843], 
            [-122.726050416585, 45.5123639112908], 
            [-122.725784216303, 45.5128835614886], 
            [-122.724548281428, 45.5137629592457], 
            [-122.724586309996, 45.5154151227548]
          ]
        ]
      }, 
      "properties" : {
        "holc_grade" : "A"
      }
    }, 
    {
      "type" : "Feature", 
      "geometry" : 
      {
        "type" : "Polygon", 
        "coordinates" : 
        [
          [
            [-122.721821045447, 45.5036964680585], 
            [-122.721554844176, 45.5038563852674], 
            [-122.721041456466, 45.5037897529572], 
            [-122.720832297699, 45.5034699169148], 
            [-122.72045201003, 45.5033499784122], 
            [-122.718816773948, 45.5032300392741], 
            [-122.717847039865, 45.5026170130015], 
            [-122.717010407309, 45.5026836463549], 
            [-122.716249831963, 45.5027636059903], 
            [-122.715736444035, 45.5026569928899], 
            [-122.715603343543, 45.5022838436146], 
            [-122.715888558731, 45.5017241148051], 
            [-122.716497019146, 45.50167080604], 
            [-122.717447738682, 45.5014042671385], 
            [-122.718417471372, 45.5014175935958], 
            [-122.719957635324, 45.5013243043803], 
            [-122.720204822837, 45.5018573839809], 
            [-122.720642154071, 45.501977325141], 
            [-122.722543592035, 45.5019506715202], 
            [-122.723056980554, 45.5022172087013], 
            [-122.723323181571, 45.5028035863703], 
            [-122.722866835726, 45.5030701198282], 
            [-122.721859073998, 45.5034699175532], 
            [-122.721821045447, 45.5036964680585]
          ]
        ]
      }, 
      "properties" : {
        "holc_grade" : "A"
      }
    }, 
    {
      "type" : "Feature", 
      "geometry" : 
      {
        "type" : "Polygon", 
        "coordinates" : 
        [
          [
            [-122.713319635498, 45.5805990111538], 
            [-122.713362418413, 45.5824854258178], 
            [-122.705347857419, 45.5824155598483], 
            [-122.70529081432, 45.5813875199975], 
            [-122.697276253396, 45.5813475957303], 
            [-122.697176428383, 45.5828048122781], 
            [-122.692413326975, 45.5827848507621], 
            [-122.692185153952, 45.584122262795], 
            [-122.688778429001, 45.5841654164647], 
            [-122.682730255406, 45.584242029308], 
            [-122.682887123688, 45.582185998482], 
            [-122.68297268805, 45.5777742611312], 
            [-122.686423798171, 45.5777043894888], 
            [-122.697447382536, 45.5776744432749], 
            [-122.708456708757, 45.5776045719228], 
            [-122.710595825742, 45.5780038389024], 
            [-122.708214274814, 45.5783032886049], 
            [-122.708285577866, 45.5805590866777], 
            [-122.713319635498, 45.5805990111538]
          ]
        ]
      }, 
      "properties" : {
        "holc_grade" : "B"
      }
    }, 
    {
      "type" : "Feature", 
      "geometry" : 
      {
        "type" : "Polygon", 
        "coordinates" : 
        [
          [
            [-122.630673499027, 45.5542535172989], 
            [-122.63068156259, 45.5539429593036], 
            [-122.630680077786, 45.5531513603417], 
            [-122.633918464515, 45.5530889468354], 
            [-122.633918464399, 45.5518822823177], 
            [-122.635938742473, 45.5518406722808], 
            [-122.635968452202, 45.5514453802017], 
            [-122.640989436399, 45.5530473385614], 
            [-122.64283145387, 45.5530057294301], 
            [-122.642920583728, 45.5515910140857], 
            [-122.640662626555, 45.551258134953], 
            [-122.639147417988, 45.5499265979393], 
            [-122.637245979725, 45.5489903420524], 
            [-122.636206131956, 45.5491151770233], 
            [-122.635314832812, 45.5487614772534], 
            [-122.635077151882, 45.5483453560818], 
            [-122.635136572732, 45.5468056834475], 
            [-122.632938034835, 45.546743263709], 
            [-122.633086584634, 45.543663787943], 
            [-122.633977884585, 45.543642979905], 
            [-122.634304694271, 45.5429563177828], 
            [-122.638196698379, 45.5429563175171], 
            [-122.638166989203, 45.5481164884749], 
            [-122.650288654231, 45.5481581004951], 
            [-122.650288654774, 45.5521319396804], 
            [-122.649248806252, 45.5521527438862], 
            [-122.649308226509, 45.554045939129], 
            [-122.64636693993, 45.5540875466492], 
            [-122.646248099792, 45.5520279154675], 
            [-122.644673471953, 45.5519863058608], 
            [-122.644673471703, 45.5542539786005], 
            [-122.630673499027, 45.5542535172989]
          ]
        ]
      }, 
      "properties" : {
        "holc_grade" : "B"
      }
    }, 
    {
      "type" : "Feature", 
      "geometry" : 
      {
        "type" : "Polygon", 
        "coordinates" : 
        [
          [
            [-122.638196698379, 45.5429563175171], 
            [-122.638275430541, 45.5374138079517], 
            [-122.638311081986, 45.5354159975529], 
            [-122.650526334643, 45.5354649036642], 
            [-122.650556044981, 45.5365678683367], 
            [-122.65456688982, 45.536588678762], 
            [-122.654596600799, 45.5404800993554], 
            [-122.657686436437, 45.5405009081807], 
            [-122.657478466354, 45.5460774452618], 
            [-122.654893699614, 45.5460774453211], 
            [-122.654923410179, 45.5481581005286], 
            [-122.650288654231, 45.5481581004951], 
            [-122.638166989203, 45.5481164884749], 
            [-122.638196698379, 45.5429563175171]
          ]
        ]
      }, 
      "properties" : {
        "holc_grade" : "B"
      }
    }, 
    {
      "type" : "Feature", 
      "geometry" : 
      {
        "type" : "Polygon", 
        "coordinates" : 
        [
          [
            [-122.632640935739, 45.5338832550459], 
            [-122.635641641471, 45.5338416314935], 
            [-122.63579019143, 45.5314898861029], 
            [-122.650674883963, 45.5314066368778], 
            [-122.65061546522, 45.5345908398509], 
            [-122.642980004339, 45.5345700286293], 
            [-122.631214856511, 45.5346948954828], 
            [-122.632640935739, 45.5338832550459]
          ]
        ]
      }, 
      "properties" : {
        "holc_grade" : "B"
      }
    }, 
    {
      "type" : "Feature", 
      "geometry" : 
      {
        "type" : "Polygon", 
        "coordinates" : 
        [
          [
            [-122.643004851648, 45.5111169863315], 
            [-122.637870968739, 45.5110420345777], 
            [-122.637692708803, 45.5108671472949], 
            [-122.635803155272, 45.5108421641027], 
            [-122.635624895888, 45.5109920673744], 
            [-122.631810136594, 45.5110170511799], 
            [-122.631703179821, 45.5056952289992], 
            [-122.642969198541, 45.5057452020186], 
            [-122.643004851648, 45.5111169863315]
          ]
        ]
      }, 
      "properties" : {
        "holc_grade" : "B"
      }
    }, 
    {
      "type" : "Feature", 
      "geometry" : 
      {
        "type" : "Polygon", 
        "coordinates" : 
        [
          [
            [-122.64352793153, 45.4833515581157], 
            [-122.643468511618, 45.4814143215837], 
            [-122.642666342172, 45.4813518285046], 
            [-122.642131563263, 45.4768521777868], 
            [-122.64129968495, 45.4699353473663], 
            [-122.641269974008, 45.4684560349023], 
            [-122.642755472034, 45.4683726921748], 
            [-122.642755472443, 45.4678726338085], 
            [-122.646796027224, 45.4677892898153], 
            [-122.646825737893, 45.4685393778604], 
            [-122.645964148254, 45.4685602136718], 
            [-122.64632066876, 45.4702062022768], 
            [-122.648162686677, 45.4700186867268], 
            [-122.648132976557, 45.4695811492473], 
            [-122.653005410518, 45.4694978075397], 
            [-122.659363342705, 45.4697478304865], 
            [-122.655738726992, 45.4703728824036], 
            [-122.65407496881, 45.4713729507473], 
            [-122.653391640071, 45.4713521163279], 
            [-122.653391641003, 45.4719146470969], 
            [-122.652559760746, 45.4732896994116], 
            [-122.652203241265, 45.4735188718412], 
            [-122.651961303521, 45.4735211044216], 
            [-122.647687326626, 45.4735605391804], 
            [-122.648370655269, 45.4791437115275], 
            [-122.647271387334, 45.4791645435659], 
            [-122.647419937214, 45.4814976445696], 
            [-122.645369949505, 45.4814559833709], 
            [-122.645369948822, 45.4833932189554], 
            [-122.64352793153, 45.4833515581157]
          ]
        ]
      }, 
      "properties" : {
        "holc_grade" : "B"
      }
    }, 
    {
      "type" : "Feature", 
      "geometry" : 
      {
        "type" : "MultiPolygon", 
        "coordinates" : 
        [
          [
            [
              [-122.642832717577, 45.4481313592343], 
              [-122.647063417592, 45.4461970801041], 
              [-122.651721940352, 45.4520163914842], 
              [-122.645779946692, 45.4526833224441], 
              [-122.644686620283, 45.4515828812067], 
              [-122.643189237821, 45.4495986992402], 
              [-122.642832717577, 45.4481313592343]
            ]
          ], 
          [
            [
              [-122.646326609541, 45.455017520169], 
              [-122.652363674699, 45.4547507597877], 
              [-122.652934107418, 45.4584186069561], 
              [-122.646588057272, 45.4585519791484], 
              [-122.646326609541, 45.455017520169]
            ]
          ]
        ]
      }, 
      "properties" : {
        "holc_grade" : "B"
      }
    }, 
    {
      "type" : "Feature", 
      "geometry" : 
      {
        "type" : "Polygon", 
        "coordinates" : 
        [
          [
            [-122.621415714086, 45.4788301803758], 
            [-122.621415714426, 45.4749969955006], 
            [-122.622485273802, 45.4749636620437], 
            [-122.622485273794, 45.4643960478794], 
            [-122.626026701846, 45.4644293875673], 
            [-122.626138094454, 45.4649019161924], 
            [-122.626197514383, 45.4744861065192], 
            [-122.626583744598, 45.4749652729953], 
            [-122.626583743628, 45.4791942637063], 
            [-122.623816279391, 45.4791801532588], 
            [-122.62381627938, 45.480713344298], 
            [-122.621415714513, 45.480713345107], 
            [-122.621415714086, 45.4788301803758]
          ]
        ]
      }, 
      "properties" : {
        "holc_grade" : "B"
      }
    }, 
    {
      "type" : "Feature", 
      "geometry" : 
      {
        "type" : "Polygon", 
        "coordinates" : 
        [
          [
            [-122.613853838154, 45.5416838876939], 
            [-122.6124990637, 45.5416339472072], 
            [-122.611500809329, 45.5418087390901], 
            [-122.61096603024, 45.5414341845988], 
            [-122.60978951572, 45.5412094509923], 
            [-122.60789996172, 45.5415590362328], 
            [-122.623230303741, 45.5353910248258], 
            [-122.638311081986, 45.5354159975529], 
            [-122.638275430541, 45.5374138079517], 
            [-122.63766934772, 45.5374387796557], 
            [-122.636849352646, 45.5370392236297], 
            [-122.631038082826, 45.5371141405834], 
            [-122.631038083025, 45.5378383332844], 
            [-122.626153764975, 45.5378383333829], 
            [-122.626332024311, 45.5412843614477], 
            [-122.630966779338, 45.5412344207758], 
            [-122.63078851847, 45.5460285493356], 
            [-122.629148528615, 45.5459786123472], 
            [-122.62839983781, 45.5462532636251], 
            [-122.625797244582, 45.5459786115495], 
            [-122.625333769126, 45.5451796184825], 
            [-122.625048553529, 45.5448550240436], 
            [-122.624085950886, 45.5445803656394], 
            [-122.62308769643, 45.5445054583256], 
            [-122.622196397088, 45.5447052108538], 
            [-122.622160745392, 45.5443806133957], 
            [-122.622659872125, 45.544006076134], 
            [-122.622873784174, 45.5436814748659], 
            [-122.621519008895, 45.5431321449474], 
            [-122.620556406468, 45.5427076599737], 
            [-122.620092931094, 45.5428325089622], 
            [-122.619665107676, 45.5432320245574], 
            [-122.619272936619, 45.5432320242083], 
            [-122.618845112328, 45.5428325089081], 
            [-122.618452940871, 45.5422082615709], 
            [-122.616206867854, 45.541409213557], 
            [-122.613853838154, 45.5416838876939]
          ]
        ]
      }, 
      "properties" : {
        "holc_grade" : "B"
      }
    }, 
    {
      "type" : "Feature", 
      "geometry" : 
      {
        "type" : "Polygon", 
        "coordinates" : 
        [
          [
            [-122.620266872703, 45.5548665544833], 
            [-122.620565755241, 45.5483022182012], 
            [-122.61902083724, 45.5483022184667], 
            [-122.618991127223, 45.5469498039741], 
            [-122.613791883131, 45.547033030987], 
            [-122.613762173719, 45.5457638143879], 
            [-122.604730343804, 45.5457846213592], 
            [-122.604700633287, 45.5428299425882], 
            [-122.60789996172, 45.5415590362328], 
            [-122.60978951572, 45.5412094509923], 
            [-122.61096603024, 45.5414341845988], 
            [-122.611500809329, 45.5418087390901], 
            [-122.6124990637, 45.5416339472072], 
            [-122.613853838154, 45.5416838876939], 
            [-122.613426015413, 45.5425328710812], 
            [-122.614531226102, 45.54253287045], 
            [-122.615814696593, 45.54283250861], 
            [-122.617597294236, 45.542907418347], 
            [-122.618096421366, 45.5438312910663], 
            [-122.618274681349, 45.545654022768], 
            [-122.623052043339, 45.5458537699906], 
            [-122.622873784294, 45.5487750001475], 
            [-122.623622475582, 45.550447773822], 
            [-122.625618984713, 45.5505476386209], 
            [-122.625547681125, 45.5538680649499], 
            [-122.63068156259, 45.5539429593036], 
            [-122.630673499027, 45.5542535172989], 
            [-122.630610258393, 45.5566890244225], 
            [-122.625642672807, 45.5567388946129], 
            [-122.625654637059, 45.5555157225211], 
            [-122.623194652174, 45.5555157220368], 
            [-122.623087695616, 45.5548916151615], 
            [-122.620266872703, 45.5548665544833]
          ]
        ]
      }, 
      "properties" : {
        "holc_grade" : "B"
      }
    }, 
    {
      "type" : "Feature", 
      "geometry" : 
      {
        "type" : "Polygon", 
        "coordinates" : 
        [
          [
            [-122.62332277643, 45.519397510727], 
            [-122.623264688485, 45.5200545629842], 
            [-122.625660499355, 45.5200412399337], 
            [-122.625680542996, 45.5194248917279], 
            [-122.631742249038, 45.5194952886969], 
            [-122.631837320348, 45.531384576219], 
            [-122.6247877391, 45.5338253988122], 
            [-122.617529001177, 45.5320838677009], 
            [-122.617433927888, 45.5273551547994], 
            [-122.61496206009, 45.5273551549124], 
            [-122.614921802775, 45.5260925370007], 
            [-122.614957454763, 45.5250684617159], 
            [-122.612069646417, 45.52501850661], 
            [-122.611998342662, 45.5227704705835], 
            [-122.614914524775, 45.5227925702528], 
            [-122.614962059023, 45.5198949684934], 
            [-122.620143477736, 45.5198616623886], 
            [-122.620158633267, 45.5193306806902], 
            [-122.62022938663, 45.5168519155052], 
            [-122.62023854951, 45.5165309005689], 
            [-122.622917674824, 45.516506474597], 
            [-122.622995634096, 45.5167307525238], 
            [-122.623138242568, 45.5193953682823], 
            [-122.62332277643, 45.519397510727]
          ], 
          [
            [-122.623321731431, 45.5203343371992], 
            [-122.623397788585, 45.522625767158], 
            [-122.625888671936, 45.5223460050065], 
            [-122.627200664326, 45.5221461735916], 
            [-122.627847153368, 45.5220129518255], 
            [-122.628512656351, 45.5221728173908], 
            [-122.62959647665, 45.5219596632483], 
            [-122.629805633912, 45.5217731524973], 
            [-122.629824647912, 45.5214667417888], 
            [-122.630509166036, 45.5207473348327], 
            [-122.6304521228, 45.5203609821221], 
            [-122.628797872067, 45.5203210145901], 
            [-122.623321731431, 45.5203343371992]
          ]
        ]
      }, 
      "properties" : {
        "holc_grade" : "B"
      }
    }, 
    {
      "type" : "Feature", 
      "geometry" : 
      {
        "type" : "Polygon", 
        "coordinates" : 
        [
          [
            [-122.696007643045, 45.5663685286857], 
            [-122.699548947669, 45.5664224239613], 
            [-122.699810394511, 45.5675871788167], 
            [-122.700428361655, 45.5703159392249], 
            [-122.7008561852, 45.5712476800787], 
            [-122.701973279808, 45.5725121619358], 
            [-122.702852694904, 45.5732275787046], 
            [-122.704041094305, 45.5740428115769], 
            [-122.707772665508, 45.5749744909593], 
            [-122.707820201855, 45.576854440105], 
            [-122.696221431306, 45.5768045305129], 
            [-122.696007643045, 45.5663685286857]
          ]
        ]
      }, 
      "properties" : {
        "holc_grade" : "B"
      }
    }, 
    {
      "type" : "Feature", 
      "geometry" : 
      {
        "type" : "Polygon", 
        "coordinates" : 
        [
          [
            [-122.604789763027, 45.5376900964222], 
            [-122.604776295694, 45.5350257924661], 
            [-122.596105738546, 45.5349458784219], 
            [-122.596194869231, 45.5335923105165], 
            [-122.599067961542, 45.5336410012854], 
            [-122.60208932586, 45.5336922057232], 
            [-122.602136862166, 45.5299626564466], 
            [-122.605036554634, 45.5299959564277], 
            [-122.605012787048, 45.5336755565175], 
            [-122.607318280078, 45.5337088549249], 
            [-122.607294511983, 45.5300625579457], 
            [-122.60893450172, 45.5300792078093], 
            [-122.60898203812, 45.5276981662206], 
            [-122.610122900824, 45.5276981664884], 
            [-122.610170436727, 45.531144816688], 
            [-122.615019103132, 45.5312114173383], 
            [-122.615066638772, 45.5323602515496], 
            [-122.617419667623, 45.5324767996379], 
            [-122.617467203849, 45.5336922055269], 
            [-122.6247877391, 45.5338253988122], 
            [-122.611881730458, 45.5390363515508], 
            [-122.604730343209, 45.5419143770551], 
            [-122.604789763027, 45.5376900964222]
          ]
        ]
      }, 
      "properties" : {
        "holc_grade" : "B"
      }
    }, 
    {
      "type" : "Feature", 
      "geometry" : 
      {
        "type" : "MultiPolygon", 
        "coordinates" : 
        [
          [
            [
              [-122.588924641202, 45.5480109316537], 
              [-122.588963487377, 45.5438076889881], 
              [-122.599917329971, 45.5438287249932], 
              [-122.588924641202, 45.5480109316537]
            ]
          ], 
          [
            [
              [-122.578942093422, 45.5529209863933], 
              [-122.585597126032, 45.5503203755529], 
              [-122.591628249199, 45.547927706358], 
              [-122.604700633287, 45.5428299425882], 
              [-122.604730343804, 45.5457846213592], 
              [-122.613762173719, 45.5457638143879], 
              [-122.613791883131, 45.547033030987], 
              [-122.618991127223, 45.5469498039741], 
              [-122.61902083724, 45.5483022184667], 
              [-122.620565755241, 45.5483022182012], 
              [-122.620266872703, 45.5548665544833], 
              [-122.620238945598, 45.5554798707644], 
              [-122.615069411935, 45.555479870713], 
              [-122.615216451411, 45.551846737456], 
              [-122.615277381372, 45.5503411807336], 
              [-122.614594052209, 45.5502787646339], 
              [-122.61465347143, 45.5483646363859], 
              [-122.604512408211, 45.5484204465222], 
              [-122.599531099665, 45.5484478605506], 
              [-122.599412259398, 45.5525465059606], 
              [-122.591123179023, 45.5525048967838], 
              [-122.591212309897, 45.5555214773375], 
              [-122.581446111821, 45.55553811645], 
              [-122.579001512961, 45.5555422810178], 
              [-122.578942093422, 45.5529209863933]
            ]
          ]
        ]
      }, 
      "properties" : {
        "holc_grade" : "B"
      }
    }, 
    {
      "type" : "Feature", 
      "geometry" : 
      {
        "type" : "Polygon", 
        "coordinates" : 
        [
          [
            [-122.612233249486, 45.5127978198244], 
            [-122.612619479222, 45.5128186384059], 
            [-122.612595340047, 45.5155249701375], 
            [-122.606499225732, 45.5155458943297], 
            [-122.606528935404, 45.5167949750606], 
            [-122.60415213901, 45.5167741572503], 
            [-122.604033298381, 45.5177317670624], 
            [-122.601894180824, 45.5176901322544], 
            [-122.601805050705, 45.5161496204409], 
            [-122.598536954733, 45.5161704386638], 
            [-122.5985369541, 45.5147131589804], 
            [-122.599487672887, 45.5146923400608], 
            [-122.599487673383, 45.512693722793], 
            [-122.60168621078, 45.5126312653563], 
            [-122.601626790708, 45.5099455095258], 
            [-122.597942755685, 45.5098830481706], 
            [-122.597883334499, 45.5084880687439], 
            [-122.601597081592, 45.5084464269342], 
            [-122.601597080641, 45.5079050811643], 
            [-122.597853625418, 45.5078842603799], 
            [-122.59785362535, 45.5063851233309], 
            [-122.60177534116, 45.5063434804068], 
            [-122.60174563036, 45.5055522521825], 
            [-122.609381092725, 45.5054481418798], 
            [-122.610094131737, 45.5057604707053], 
            [-122.610302100778, 45.507551122407], 
            [-122.610034711522, 45.5078634392125], 
            [-122.61101514046, 45.5080091871148], 
            [-122.611341949226, 45.5111322549231], 
            [-122.611431079049, 45.512610446768], 
            [-122.611847018762, 45.5127769999335], 
            [-122.612233249486, 45.5127978198244]
          ]
        ]
      }, 
      "properties" : {
        "holc_grade" : "B"
      }
    }, 
    {
      "type" : "Feature", 
      "geometry" : 
      {
        "type" : "Polygon", 
        "coordinates" : 
        [
          [
            [-122.588963487377, 45.5438076889881], 
            [-122.588981565679, 45.5418515356624], 
            [-122.590588400301, 45.5418103338282], 
            [-122.595668804298, 45.5409987966109], 
            [-122.595995614089, 45.5411444579697], 
            [-122.597035461978, 45.5409155610993], 
            [-122.601818767384, 45.5408531341163], 
            [-122.601848476914, 45.5376900960154], 
            [-122.604789763027, 45.5376900964222], 
            [-122.604730343209, 45.5419143770551], 
            [-122.599917329971, 45.5438287249932], 
            [-122.588963487377, 45.5438076889881]
          ]
        ]
      }, 
      "properties" : {
        "holc_grade" : "B"
      }
    }, 
    {
      "type" : "Feature", 
      "geometry" : 
      {
        "type" : "Polygon", 
        "coordinates" : 
        [
          [
            [-122.578632861293, 45.5500372479993], 
            [-122.578490254565, 45.5481896912], 
            [-122.578490253779, 45.5479150498193], 
            [-122.579702421486, 45.5479400170387], 
            [-122.579670633744, 45.5446190292449], 
            [-122.585174995971, 45.5447024712896], 
            [-122.58523441649, 45.5415396500288], 
            [-122.588984061509, 45.5415814395082], 
            [-122.588981565679, 45.5418515356624], 
            [-122.588963487377, 45.5438076889881], 
            [-122.588924641202, 45.5480109316537], 
            [-122.578852963914, 45.5519639759321], 
            [-122.578632861293, 45.5500372479993]
          ]
        ]
      }, 
      "properties" : {
        "holc_grade" : "B"
      }
    }, 
    {
      "type" : "Feature", 
      "geometry" : 
      {
        "type" : "Polygon", 
        "coordinates" : 
        [
          [
            [-122.556811893252, 45.5536049490607], 
            [-122.556632444156, 45.5520705652486], 
            [-122.556668096019, 45.5481008843754], 
            [-122.560554159108, 45.5482506882452], 
            [-122.561980238527, 45.5499983769767], 
            [-122.563691532673, 45.5510219973333], 
            [-122.56697151272, 45.5531440795138], 
            [-122.567041866815, 45.555334481972], 
            [-122.558165478338, 45.5554657941685], 
            [-122.558022870897, 45.5535934506763], 
            [-122.556811893252, 45.5536049490607]
          ]
        ]
      }, 
      "properties" : {
        "holc_grade" : "B"
      }
    }, 
    {
      "type" : "Feature", 
      "geometry" : 
      {
        "type" : "Polygon", 
        "coordinates" : 
        [
          [
            [-122.718706863874, 45.5377124533627], 
            [-122.71765015063, 45.5368422539378], 
            [-122.71687769153, 45.5361346969261], 
            [-122.71554074284, 45.5362387502841], 
            [-122.7146791528, 45.5359474012786], 
            [-122.711054537449, 45.5352398334973], 
            [-122.706806013257, 45.5352814545963], 
            [-122.706746592795, 45.5327840871321], 
            [-122.704785734681, 45.5327424641038], 
            [-122.704726315196, 45.5314313003403], 
            [-122.702735746574, 45.5314521120705], 
            [-122.702765457432, 45.5297870993851], 
            [-122.70068575877, 45.5297454729019], 
            [-122.700596629694, 45.5283717995593], 
            [-122.698576351696, 45.5283509856989], 
            [-122.698368382739, 45.5256659797039], 
            [-122.697297814276, 45.5256558443139], 
            [-122.697379406821, 45.523566889137], 
            [-122.698594694443, 45.5236805808311], 
            [-122.700346542912, 45.5252471577698], 
            [-122.700589159211, 45.5255506845], 
            [-122.70074517897, 45.5276433225326], 
            [-122.701844011367, 45.5275756570167], 
            [-122.702069720845, 45.5279529966244], 
            [-122.703674059337, 45.5290144830984], 
            [-122.703792899379, 45.5299510713621], 
            [-122.704505938534, 45.5301383873544], 
            [-122.709645762002, 45.5333018501117], 
            [-122.710655900535, 45.5332810383002], 
            [-122.710655900843, 45.532698308897], 
            [-122.711636329705, 45.5326983091791], 
            [-122.712926265734, 45.5326384038603], 
            [-122.714441473486, 45.5323886608509], 
            [-122.714679153481, 45.532846522556], 
            [-122.713847274542, 45.5332627581703], 
            [-122.713728434475, 45.5335541207763], 
            [-122.713163945386, 45.5338662935291], 
            [-122.713342204719, 45.534324143693], 
            [-122.713995824525, 45.534282521035], 
            [-122.714560312948, 45.5338871048642], 
            [-122.71533277337, 45.5330546408709], 
            [-122.719076228444, 45.5322013521852], 
            [-122.719135648481, 45.5332211341503], 
            [-122.72079940711, 45.5336581784573], 
            [-122.721363895568, 45.5340119735232], 
            [-122.718155219314, 45.5340952188687], 
            [-122.718184929439, 45.5356976721357], 
            [-122.719670427218, 45.5372584592546], 
            [-122.721215346038, 45.5372584596437], 
            [-122.721245056144, 45.5376122322389], 
            [-122.7277812493, 45.5375498019364], 
            [-122.727929798712, 45.5381532910743], 
            [-122.727424729138, 45.538403009151], 
            [-122.726860239177, 45.5388400132387], 
            [-122.726533429009, 45.5392978226648], 
            [-122.725523291525, 45.5391729655411], 
            [-122.725077641836, 45.5393186321051], 
            [-122.723948663216, 45.5396723916095], 
            [-122.723918953187, 45.5400469580487], 
            [-122.723592142654, 45.5404423311162], 
            [-122.721155926085, 45.5403382850132], 
            [-122.720234916847, 45.539714010223], 
            [-122.719937816647, 45.5391937752307], 
            [-122.719848687685, 45.5386527261003], 
            [-122.718706863874, 45.5377124533627]
          ]
        ]
      }, 
      "properties" : {
        "holc_grade" : "B"
      }
    }, 
    {
      "type" : "Feature", 
      "geometry" : 
      {
        "type" : "Polygon", 
        "coordinates" : 
        [
          [
            [-122.698594694443, 45.5236805808311], 
            [-122.697379406821, 45.523566889137], 
            [-122.697032475778, 45.5235344323608], 
            [-122.696824505286, 45.5200165399405], 
            [-122.697032475763, 45.5197667403355], 
            [-122.698280294872, 45.5197042899616], 
            [-122.700726830357, 45.5196935346467], 
            [-122.700655526352, 45.5238733739941], 
            [-122.698594694443, 45.5236805808311]
          ]
        ]
      }, 
      "properties" : {
        "holc_grade" : "B"
      }
    }, 
    {
      "type" : "Feature", 
      "geometry" : 
      {
        "type" : "MultiPolygon", 
        "coordinates" : 
        [
          [
            [
              [-122.689634694585, 45.5079416241581], 
              [-122.6927542404, 45.5078999824188], 
              [-122.692754241048, 45.5086911768219], 
              [-122.691268741956, 45.51185584558], 
              [-122.689189044388, 45.5113145338453], 
              [-122.689278174721, 45.5108148558767], 
              [-122.689129624647, 45.5105858358188], 
              [-122.68767383612, 45.5087119974723], 
              [-122.689664404408, 45.5087119977649], 
              [-122.689634694585, 45.5079416241581]
            ]
          ], 
          [
            [
              [-122.695661063519, 45.5180539175107], 
              [-122.694496432069, 45.5169880610684], 
              [-122.693355570671, 45.5161220378635], 
              [-122.694948024559, 45.5131408171542], 
              [-122.692975282667, 45.5126245006205], 
              [-122.694995561239, 45.50842716943], 
              [-122.701874577477, 45.5101901041545], 
              [-122.700771177151, 45.5123080459691], 
              [-122.700272050355, 45.5122247687102], 
              [-122.699891762762, 45.5122414241332], 
              [-122.699036116032, 45.5135738532914], 
              [-122.698917274983, 45.5146730840287], 
              [-122.69844191645, 45.5148063229674], 
              [-122.698132933429, 45.5152060375516], 
              [-122.697419893877, 45.5151560733782], 
              [-122.697396125471, 45.5158389123138], 
              [-122.697633805525, 45.5161220380288], 
              [-122.697728877443, 45.5164218169645], 
              [-122.697396126571, 45.5167215938124], 
              [-122.697491197974, 45.5169547520873], 
              [-122.697847716618, 45.5170380234429], 
              [-122.698560755651, 45.5166549765535], 
              [-122.69891727613, 45.5168881355916], 
              [-122.69898857941, 45.5174876840889], 
              [-122.698798435028, 45.5180206093657], 
              [-122.698251772139, 45.5182704172914], 
              [-122.697277286514, 45.5185368767058], 
              [-122.696492943259, 45.5185368773739], 
              [-122.695661063519, 45.5180539175107]
            ]
          ]
        ]
      }, 
      "properties" : {
        "holc_grade" : "B"
      }
    }, 
    {
      "type" : "Feature", 
      "geometry" : 
      {
        "type" : "Polygon", 
        "coordinates" : 
        [
          [
            [-122.655527193276, 45.4494969865162], 
            [-122.660328323873, 45.4495303347019], 
            [-122.660280787739, 45.4488967145565], 
            [-122.666619104442, 45.4487929020255], 
            [-122.666828863858, 45.4537237192088], 
            [-122.659015143301, 45.4537028778878], 
            [-122.657618773947, 45.4523690318406], 
            [-122.656192696015, 45.450972627652], 
            [-122.655527193276, 45.4494969865162]
          ]
        ]
      }, 
      "properties" : {
        "holc_grade" : "B"
      }
    }, 
    {
      "type" : "Feature", 
      "geometry" : 
      {
        "type" : "Polygon", 
        "coordinates" : 
        [
          [
            [-122.692366265386, 45.5623981767372], 
            [-122.692292453996, 45.5590907168287], 
            [-122.692915306543, 45.5591012211109], 
            [-122.693585563755, 45.5590113551949], 
            [-122.694013386835, 45.5593109055021], 
            [-122.69449825383, 45.5599998650029], 
            [-122.694783469064, 45.5608485715561], 
            [-122.695567812043, 45.5615075578333], 
            [-122.696038417608, 45.5618170795697], 
            [-122.696979628843, 45.561986816761], 
            [-122.697307627288, 45.562386195694], 
            [-122.697692669371, 45.5625559307978], 
            [-122.697906579952, 45.5627755864835], 
            [-122.692359135212, 45.5627356497121], 
            [-122.692366265386, 45.5623981767372]
          ]
        ]
      }, 
      "properties" : {
        "holc_grade" : "B"
      }
    }, 
    {
      "type" : "Feature", 
      "geometry" : 
      {
        "type" : "MultiPolygon", 
        "coordinates" : 
        [
          [
            [
              [-122.682887598005, 45.5664057848382], 
              [-122.687284672606, 45.5664057847034], 
              [-122.687332209306, 45.5699498933605], 
              [-122.682816294556, 45.5699831707813], 
              [-122.682887598005, 45.5664057848382]
            ]
          ], 
          [
            [
              [-122.682958902395, 45.5768710761898], 
              [-122.682816294652, 45.5716969077427], 
              [-122.691515372212, 45.5717800974552], 
              [-122.691539141168, 45.5726951760636], 
              [-122.689994222411, 45.5726951767585], 
              [-122.69008929349, 45.5767878944348], 
              [-122.682958902395, 45.5768710761898]
            ]
          ]
        ]
      }, 
      "properties" : {
        "holc_grade" : "B"
      }
    }, 
    {
      "type" : "Feature", 
      "geometry" : 
      {
        "type" : "Polygon", 
        "coordinates" : 
        [
          [
            [-122.681521190639, 45.5543609623046], 
            [-122.681614362185, 45.5488430943353], 
            [-122.683488928167, 45.5486928724468], 
            [-122.685235874153, 45.54796881954], 
            [-122.691974094766, 45.5541354510773], 
            [-122.692009746258, 45.5546097793548], 
            [-122.681521190639, 45.5543609623046]
          ]
        ]
      }, 
      "properties" : {
        "holc_grade" : "B"
      }
    }, 
    {
      "type" : "Feature", 
      "geometry" : 
      {
        "type" : "Polygon", 
        "coordinates" : 
        [
          [
            [-122.668436670742, 45.5770707136344], 
            [-122.674996634162, 45.5770209838424], 
            [-122.67492532767, 45.5777694368899], 
            [-122.681556592167, 45.5778193446254], 
            [-122.6815328243, 45.5795827498755], 
            [-122.674568808131, 45.5795661142999], 
            [-122.674521271449, 45.5815457189279], 
            [-122.671978099499, 45.5815457192751], 
            [-122.671930563356, 45.5789505919219], 
            [-122.668222759027, 45.5789339562588], 
            [-122.668436670742, 45.5770707136344]
          ]
        ]
      }, 
      "properties" : {
        "holc_grade" : "B"
      }
    }, 
    {
      "type" : "Feature", 
      "geometry" : 
      {
        "type" : "Polygon", 
        "coordinates" : 
        [
          [
            [-122.67482464576, 45.5718966127692], 
            [-122.674785988575, 45.5697948592909], 
            [-122.674782719828, 45.5696171237765], 
            [-122.678086467927, 45.5696171231437], 
            [-122.678132438154, 45.5664958472162], 
            [-122.681318912549, 45.5664390644536], 
            [-122.681604128173, 45.5769708946146], 
            [-122.674996634162, 45.5770209838424], 
            [-122.668436670742, 45.5770707136344], 
            [-122.668959566458, 45.5735603283346], 
            [-122.674854023609, 45.5734937795507], 
            [-122.67482464576, 45.5718966127692]
          ]
        ]
      }, 
      "properties" : {
        "holc_grade" : "B"
      }
    }, 
    {
      "type" : "Feature", 
      "geometry" : 
      {
        "type" : "Polygon", 
        "coordinates" : 
        [
          [
            [-122.674782719283, 45.5667472269693], 
            [-122.672548530119, 45.5667206039221], 
            [-122.6726436021, 45.5698487319121], 
            [-122.674785988575, 45.5697948592909], 
            [-122.67482464576, 45.5718966127692], 
            [-122.669078406249, 45.5719298383554], 
            [-122.669030870735, 45.5699998085213], 
            [-122.662233230269, 45.5700663629298], 
            [-122.661964652585, 45.5633277197522], 
            [-122.67490155941, 45.5632608249394], 
            [-122.674782719503, 45.5665555400635], 
            [-122.674782719283, 45.5667472269693]
          ]
        ]
      }, 
      "properties" : {
        "holc_grade" : "B"
      }
    }, 
    {
      "type" : "Feature", 
      "geometry" : 
      {
        "type" : "Polygon", 
        "coordinates" : 
        [
          [
            [-122.634777577412, 45.5683381978704], 
            [-122.634834118053, 45.5646272989845], 
            [-122.64319143921, 45.5645943072257], 
            [-122.643310278871, 45.5663248475521], 
            [-122.645592004904, 45.5663082081902], 
            [-122.645661489339, 45.5655136638539], 
            [-122.645663309072, 45.5654928636045], 
            [-122.653031379675, 45.5654928636864], 
            [-122.653055147462, 45.5673731294765], 
            [-122.653025177062, 45.567373330082], 
            [-122.653025437253, 45.5673939288353], 
            [-122.643120288802, 45.5674602863024], 
            [-122.643127637081, 45.5684427682842], 
            [-122.643097771985, 45.5684428387995], 
            [-122.64311403758, 45.5706176895262], 
            [-122.635894671902, 45.5706176895338], 
            [-122.635775832086, 45.5699188767956], 
            [-122.634682505734, 45.569885600309], 
            [-122.634777577412, 45.5683381978704]
          ]
        ]
      }, 
      "properties" : {
        "holc_grade" : "B"
      }
    }, 
    {
      "type" : "Feature", 
      "geometry" : 
      {
        "type" : "Polygon", 
        "coordinates" : 
        [
          [
            [-122.749728208439, 45.5968394647234], 
            [-122.757381495523, 45.5935132633118], 
            [-122.759663220223, 45.5958083635515], 
            [-122.760946692033, 45.5953260681034], 
            [-122.75597918468, 45.5897544187171], 
            [-122.75963945355, 45.5883738947275], 
            [-122.76750665246, 45.5975213126896], 
            [-122.762158858405, 45.5995834333423], 
            [-122.762848129698, 45.6011133450401], 
            [-122.757856854994, 45.603108819328], 
            [-122.755266146801, 45.5988350915358], 
            [-122.754339194907, 45.5991011700679], 
            [-122.754149050777, 45.5988849813965], 
            [-122.752200077635, 45.5996832114168], 
            [-122.749728208439, 45.5968394647234]
          ]
        ]
      }, 
      "properties" : {
        "holc_grade" : "C"
      }
    }, 
    {
      "type" : "Feature", 
      "geometry" : 
      {
        "type" : "MultiPolygon", 
        "coordinates" : 
        [
          [
            [
              [-122.660063233549, 45.5268901717209], 
              [-122.661429891885, 45.5263698176569], 
              [-122.661370472151, 45.5345075951268], 
              [-122.65061546522, 45.5345908398509], 
              [-122.650674883963, 45.5314066368778], 
              [-122.65456688972, 45.5313858246881], 
              [-122.654656019934, 45.529575118832], 
              [-122.658013246843, 45.5283263217083], 
              [-122.658785704922, 45.5281806276048], 
              [-122.659617583874, 45.527556216499], 
              [-122.660063233549, 45.5268901717209]
            ]
          ], 
          [
            [
              [-122.658372101694, 45.548122053273], 
              [-122.658429186338, 45.5460358312348], 
              [-122.657478466354, 45.5460774452618], 
              [-122.657686436437, 45.5405009081807], 
              [-122.654596600799, 45.5404800993554], 
              [-122.65456688982, 45.536588678762], 
              [-122.650556044981, 45.5365678683367], 
              [-122.650526334643, 45.5354649036642], 
              [-122.66122192201, 45.5354440927531], 
              [-122.660895112143, 45.5480956818037], 
              [-122.658372101694, 45.548122053273]
            ]
          ]
        ]
      }, 
      "properties" : {
        "holc_grade" : "C"
      }
    }, 
    {
      "type" : "Feature", 
      "geometry" : 
      {
        "type" : "Polygon", 
        "coordinates" : 
        [
          [
            [-122.599067961542, 45.5336410012854], 
            [-122.599070793293, 45.5310116167688], 
            [-122.596551387952, 45.5320938575695], 
            [-122.596693996424, 45.529363241918], 
            [-122.592819816667, 45.5293132901281], 
            [-122.592700976444, 45.5314278656402], 
            [-122.593818070922, 45.5315111158694], 
            [-122.593818070879, 45.5331094797319], 
            [-122.592582137133, 45.5336256084938], 
            [-122.57872540939, 45.5335590112483], 
            [-122.578701640274, 45.5325600467463], 
            [-122.576063394835, 45.5325433975443], 
            [-122.576134699897, 45.5290968327413], 
            [-122.578582800235, 45.5290801824415], 
            [-122.578654103626, 45.5268656105784], 
            [-122.602184398072, 45.5271320299328], 
            [-122.602136862166, 45.5299626564466], 
            [-122.60208932586, 45.5336922057232], 
            [-122.599067961542, 45.5336410012854]
          ]
        ]
      }, 
      "properties" : {
        "holc_grade" : "C"
      }
    }, 
    {
      "type" : "Feature", 
      "geometry" : 
      {
        "type" : "Polygon", 
        "coordinates" : 
        [
          [
            [-122.568112374776, 45.5566640607726], 
            [-122.576190470238, 45.5535700878197], 
            [-122.578736658684, 45.5525948416713], 
            [-122.578942093422, 45.5529209863933], 
            [-122.579001512961, 45.5555422810178], 
            [-122.578629703187, 45.557363037929], 
            [-122.573495820762, 45.5573630377736], 
            [-122.573317560356, 45.5630543865564], 
            [-122.569930623988, 45.5630294252135], 
            [-122.567720202802, 45.5626799731048], 
            [-122.568112374776, 45.5566640607726]
          ]
        ]
      }, 
      "properties" : {
        "holc_grade" : "C"
      }
    }, 
    {
      "type" : "Feature", 
      "geometry" : 
      {
        "type" : "Polygon", 
        "coordinates" : 
        [
          [
            [-122.568186838475, 45.5482146596387], 
            [-122.568186838191, 45.5445942719789], 
            [-122.570397259258, 45.5446192411927], 
            [-122.570539867598, 45.5460923909904], 
            [-122.573285068055, 45.5460674233295], 
            [-122.573285067859, 45.5446442103382], 
            [-122.578311994889, 45.5445984338427], 
            [-122.579670633744, 45.5446190292449], 
            [-122.579702421486, 45.5479400170387], 
            [-122.578490253779, 45.5479150498193], 
            [-122.578490254565, 45.5481896912], 
            [-122.578632861293, 45.5500372479993], 
            [-122.569684220061, 45.5500372484927], 
            [-122.569826828268, 45.5528334345148], 
            [-122.568186838435, 45.5528334351469], 
            [-122.568186838475, 45.5482146596387]
          ]
        ]
      }, 
      "properties" : {
        "holc_grade" : "C"
      }
    }, 
    {
      "type" : "Feature", 
      "geometry" : 
      {
        "type" : "Polygon", 
        "coordinates" : 
        [
          [
            [-122.568311082785, 45.5372313763555], 
            [-122.56823199673, 45.5398083457866], 
            [-122.56412489097, 45.5390092644784], 
            [-122.564524192794, 45.5262623821781], 
            [-122.557907189198, 45.5263023451118], 
            [-122.557964233112, 45.5220261006971], 
            [-122.563269244381, 45.5218662349148], 
            [-122.563326288196, 45.5171899561942], 
            [-122.568839457974, 45.5173115024292], 
            [-122.568823818931, 45.5188237003913], 
            [-122.568752515503, 45.5197729484034], 
            [-122.568752515725, 45.5228454068717], 
            [-122.568311082785, 45.5372313763555]
          ]
        ]
      }, 
      "properties" : {
        "holc_grade" : "C"
      }
    }, 
    {
      "type" : "Feature", 
      "geometry" : 
      {
        "type" : "Polygon", 
        "coordinates" : 
        [
          [
            [-122.556811893252, 45.5536049490607], 
            [-122.558022870897, 45.5535934506763], 
            [-122.558165478338, 45.5554657941685], 
            [-122.567041866815, 45.555334481972], 
            [-122.568290634276, 45.555316008837], 
            [-122.568148026012, 45.5534935906344], 
            [-122.576190470238, 45.5535700878197], 
            [-122.568112374776, 45.5566640607726], 
            [-122.560875026768, 45.5594848795545], 
            [-122.558700257716, 45.5593101432386], 
            [-122.558735909891, 45.5610325257585], 
            [-122.547719453526, 45.5592352555865], 
            [-122.547505542129, 45.5536933105273], 
            [-122.556811893252, 45.5536049490607]
          ]
        ]
      }, 
      "properties" : {
        "holc_grade" : "C"
      }
    }, 
    {
      "type" : "Feature", 
      "geometry" : 
      {
        "type" : "Polygon", 
        "coordinates" : 
        [
          [
            [-122.629599714858, 45.5116666286572], 
            [-122.629503119662, 45.5051454533103], 
            [-122.653557830441, 45.5053704066368], 
            [-122.653522178757, 45.5119914145316], 
            [-122.629599714858, 45.5116666286572]
          ], 
          [
            [-122.642969198541, 45.5057452020186], 
            [-122.631703179821, 45.5056952289992], 
            [-122.631810136594, 45.5110170511799], 
            [-122.635624895888, 45.5109920673744], 
            [-122.635803155272, 45.5108421641027], 
            [-122.637692708803, 45.5108671472949], 
            [-122.637870968739, 45.5110420345777], 
            [-122.643004851648, 45.5111169863315], 
            [-122.642969198541, 45.5057452020186]
          ]
        ]
      }, 
      "properties" : {
        "holc_grade" : "C"
      }
    }, 
    {
      "type" : "Feature", 
      "geometry" : 
      {
        "type" : "Polygon", 
        "coordinates" : 
        [
          [
            [-122.6461965918, 45.4843982996415], 
            [-122.649453693607, 45.4844836660761], 
            [-122.651403450199, 45.4903656046303], 
            [-122.654932993643, 45.4906905130221], 
            [-122.655467772828, 45.4918901608654], 
            [-122.656252115255, 45.4919401453861], 
            [-122.660173831597, 45.500786747853], 
            [-122.648373032299, 45.4984127962866], 
            [-122.648373033087, 45.4859666533835], 
            [-122.6461965918, 45.4843982996415]
          ]
        ]
      }, 
      "properties" : {
        "holc_grade" : "C"
      }
    }, 
    {
      "type" : "Feature", 
      "geometry" : 
      {
        "type" : "Polygon", 
        "coordinates" : 
        [
          [
            [-122.649453693607, 45.4844836660761], 
            [-122.6461965918, 45.4843982996415], 
            [-122.642086403911, 45.4842905740645], 
            [-122.641801188464, 45.4833657230955], 
            [-122.64352793153, 45.4833515581157], 
            [-122.645369948822, 45.4833932189554], 
            [-122.645369949505, 45.4814559833709], 
            [-122.647419937214, 45.4814976445696], 
            [-122.647271387334, 45.4791645435659], 
            [-122.648370655269, 45.4791437115275], 
            [-122.647687326626, 45.4735605391804], 
            [-122.651961303521, 45.4735211044216], 
            [-122.65203330109, 45.4756413768413], 
            [-122.653316771801, 45.4757163761481], 
            [-122.654315026543, 45.4769163419385], 
            [-122.653780246484, 45.4774163199451], 
            [-122.65374459476, 45.4775913117229], 
            [-122.657274139063, 45.4777163054155], 
            [-122.655420236261, 45.4815909670631], 
            [-122.651462869383, 45.4816159644301], 
            [-122.649715923108, 45.4844905391027], 
            [-122.649453693607, 45.4844836660761]
          ]
        ]
      }, 
      "properties" : {
        "holc_grade" : "C"
      }
    }, 
    {
      "type" : "Feature", 
      "geometry" : 
      {
        "type" : "Polygon", 
        "coordinates" : 
        [
          [
            [-122.646588057272, 45.4585519791484], 
            [-122.652934107418, 45.4584186069561], 
            [-122.656837996867, 45.4583498366825], 
            [-122.661740141352, 45.4641845634615], 
            [-122.661769851446, 45.466497449564], 
            [-122.659333633505, 45.4664974494423], 
            [-122.659363342705, 45.4697478304865], 
            [-122.653005410518, 45.4694978075397], 
            [-122.648132976557, 45.4695811492473], 
            [-122.648162686677, 45.4700186867268], 
            [-122.64632066876, 45.4702062022768], 
            [-122.645964148254, 45.4685602136718], 
            [-122.646825737893, 45.4685393778604], 
            [-122.646796027224, 45.4677892898153], 
            [-122.642755472443, 45.4678726338085], 
            [-122.642755472034, 45.4683726921748], 
            [-122.641269974008, 45.4684560349023], 
            [-122.641002584926, 45.4669766836953], 
            [-122.640319255216, 45.4660390473661], 
            [-122.638150427642, 45.4659765376657], 
            [-122.638269267626, 45.4616215260087], 
            [-122.63838810711, 45.4587041060034], 
            [-122.643557641262, 45.4586207482194], 
            [-122.646588057272, 45.4585519791484]
          ]
        ]
      }, 
      "properties" : {
        "holc_grade" : "C"
      }
    }, 
    {
      "type" : "Feature", 
      "geometry" : 
      {
        "type" : "MultiPolygon", 
        "coordinates" : 
        [
          [
            [
              [-122.748632504362, 45.5890342216091], 
              [-122.736853097862, 45.5859936579029], 
              [-122.741283447682, 45.5824805042954], 
              [-122.742357759713, 45.581781839287], 
              [-122.743251435824, 45.5820346905412], 
              [-122.744202154567, 45.582074614082], 
              [-122.747263470143, 45.5819149192225], 
              [-122.750514927611, 45.5818749948191], 
              [-122.751864949517, 45.5820213824781], 
              [-122.752796653534, 45.5825004666588], 
              [-122.753804416075, 45.5830726992385], 
              [-122.754641047759, 45.5838179238006], 
              [-122.755192466084, 45.5841772252948], 
              [-122.753291027917, 45.5866390430766], 
              [-122.754108646122, 45.5870382459755], 
              [-122.752549466752, 45.5889943030032], 
              [-122.750248727071, 45.5881560008966], 
              [-122.748632504362, 45.5890342216091]
            ]
          ], 
          [
            [
              [-122.738611926731, 45.5971903676977], 
              [-122.736444288428, 45.5966581924658], 
              [-122.735930899982, 45.5966581923106], 
              [-122.736862604779, 45.5953144265681], 
              [-122.727887817266, 45.5953277310241], 
              [-122.728211063296, 45.5924671327675], 
              [-122.732013938457, 45.5897660610034], 
              [-122.735835827813, 45.5867588038426], 
              [-122.739999976952, 45.5878499515933], 
              [-122.747396570769, 45.5896330004566], 
              [-122.745704290748, 45.5906043381273], 
              [-122.752226222223, 45.589779366837], 
              [-122.754564990573, 45.5905511149226], 
              [-122.756618544441, 45.5926933243565], 
              [-122.750134640983, 45.5955539119489], 
              [-122.749393079695, 45.5958466153194], 
              [-122.748214187493, 45.5961260122453], 
              [-122.74030420641, 45.5944363043693], 
              [-122.738611926731, 45.5971903676977]
            ]
          ]
        ]
      }, 
      "properties" : {
        "holc_grade" : "C"
      }
    }, 
    {
      "type" : "Feature", 
      "geometry" : 
      {
        "type" : "Polygon", 
        "coordinates" : 
        [
          [
            [-122.640015342384, 45.4977248039184], 
            [-122.632617560542, 45.4961212681085], 
            [-122.630686412739, 45.4961212686826], 
            [-122.630626992834, 45.4948092512911], 
            [-122.629973373713, 45.4947884251615], 
            [-122.629913953447, 45.4933097661071], 
            [-122.624684998776, 45.4933514187621], 
            [-122.619510711731, 45.4935135449531], 
            [-122.619510712374, 45.490997661888], 
            [-122.619753145408, 45.4902273645974], 
            [-122.621179222783, 45.4875821965425], 
            [-122.621208932597, 45.4814582606212], 
            [-122.621205368512, 45.4807148026388], 
            [-122.621415714513, 45.480713345107], 
            [-122.62381627938, 45.480713344298], 
            [-122.623823411062, 45.4847077785494], 
            [-122.625665428173, 45.4847077793101], 
            [-122.625754558492, 45.4871656233608], 
            [-122.637727675033, 45.4871447943854], 
            [-122.637697965282, 45.4901440539771], 
            [-122.641887069502, 45.4901648816532], 
            [-122.641916779238, 45.4918935481386], 
            [-122.642421848605, 45.4919143756849], 
            [-122.642808078423, 45.4933930716417], 
            [-122.639985633092, 45.4933722448249], 
            [-122.640015342384, 45.4977248039184]
          ], 
          [
            [-122.632309765254, 45.4920903906936], 
            [-122.632309765767, 45.4902909161864], 
            [-122.629980503648, 45.4903575651256], 
            [-122.630004271498, 45.492090391073], 
            [-122.632309765254, 45.4920903906936]
          ]
        ]
      }, 
      "properties" : {
        "holc_grade" : "C"
      }
    }, 
    {
      "type" : "Feature", 
      "geometry" : 
      {
        "type" : "MultiPolygon", 
        "coordinates" : 
        [
          [
            [
              [-122.622958314781, 45.5161302514845], 
              [-122.622959449275, 45.5125139665739], 
              [-122.634901952725, 45.512568807575], 
              [-122.634908097173, 45.5161079285043], 
              [-122.622958314781, 45.5161302514845]
            ]
          ], 
          [
            [
              [-122.623138242568, 45.5193953682823], 
              [-122.622995634096, 45.5167307525238], 
              [-122.634909410152, 45.5168637579692], 
              [-122.634931662972, 45.5296797040249], 
              [-122.634928818213, 45.5305038573892], 
              [-122.634927156555, 45.5309849774754], 
              [-122.633215862536, 45.5315177750803], 
              [-122.633215863264, 45.5326499545041], 
              [-122.632217607982, 45.5336156191468], 
              [-122.6247877391, 45.5338253988122], 
              [-122.631837320348, 45.531384576219], 
              [-122.631742249038, 45.5194952886969], 
              [-122.625680542996, 45.5194248917279], 
              [-122.62332277643, 45.519397510727], 
              [-122.623138242568, 45.5193953682823]
            ]
          ]
        ]
      }, 
      "properties" : {
        "holc_grade" : "C"
      }
    }, 
    {
      "type" : "Feature", 
      "geometry" : 
      {
        "type" : "MultiPolygon", 
        "coordinates" : 
        [
          [
            [
              [-122.612272861901, 45.5050205966627], 
              [-122.612415470871, 45.4979489555979], 
              [-122.616301534269, 45.4980739035959], 
              [-122.616337185719, 45.5003729038604], 
              [-122.618298042813, 45.5004228810242], 
              [-122.618298042819, 45.5001230170815], 
              [-122.619938033583, 45.5001230172617], 
              [-122.620044990184, 45.5003978925146], 
              [-122.622647583076, 45.5003729041556], 
              [-122.622683234296, 45.5046707832057], 
              [-122.619046734761, 45.5046957701065], 
              [-122.618476303216, 45.505095556192], 
              [-122.612272861901, 45.5050205966627]
            ]
          ], 
          [
            [
              [-122.619652817428, 45.5053953936727], 
              [-122.622701330268, 45.5053683586518], 
              [-122.622861493512, 45.5115417103327], 
              [-122.612130254266, 45.511666628812], 
              [-122.612237211073, 45.5058201604224], 
              [-122.619224993433, 45.5058201601757], 
              [-122.619652817428, 45.5053953936727]
            ]
          ], 
          [
            [
              [-122.612233249486, 45.5127978198244], 
              [-122.61223324927, 45.5124647108911], 
              [-122.622959449275, 45.5125139665739], 
              [-122.622958314781, 45.5161302514845], 
              [-122.612589768344, 45.5161496204875], 
              [-122.612595340047, 45.5155249701375], 
              [-122.612619479222, 45.5128186384059], 
              [-122.612233249486, 45.5127978198244]
            ]
          ], 
          [
            [
              [-122.612633273954, 45.5193492932218], 
              [-122.612603564581, 45.516830399887], 
              [-122.62022938663, 45.5168519155052], 
              [-122.620158633267, 45.5193306806902], 
              [-122.612633273954, 45.5193492932218]
            ]
          ]
        ]
      }, 
      "properties" : {
        "holc_grade" : "C"
      }
    }, 
    {
      "type" : "Feature", 
      "geometry" : 
      {
        "type" : "Polygon", 
        "coordinates" : 
        [
          [
            [-122.611064999869, 45.4967887895424], 
            [-122.611108732987, 45.4921903607533], 
            [-122.614864072811, 45.4921403749642], 
            [-122.614911609724, 45.4885746981258], 
            [-122.616123776613, 45.4885247100538], 
            [-122.616076240064, 45.4847088485429], 
            [-122.614436399576, 45.4846867387271], 
            [-122.614388713337, 45.4826591742179], 
            [-122.610823518607, 45.4826425095673], 
            [-122.61084602037, 45.4846383308941], 
            [-122.608660631956, 45.4846088658574], 
            [-122.608541792629, 45.4795761902044], 
            [-122.62033070675, 45.4796095209037], 
            [-122.620354474402, 45.4878582026701], 
            [-122.619284915977, 45.490040985156], 
            [-122.618809556055, 45.4905408469388], 
            [-122.618714485199, 45.4953726172397], 
            [-122.615101752745, 45.4953559563571], 
            [-122.615030449055, 45.4972385693371], 
            [-122.611061196699, 45.4971885885175], 
            [-122.611064999869, 45.4967887895424]
          ]
        ]
      }, 
      "properties" : {
        "holc_grade" : "C"
      }
    }, 
    {
      "type" : "Feature", 
      "geometry" : 
      {
        "type" : "Polygon", 
        "coordinates" : 
        [
          [
            [-122.622485273794, 45.4643960478794], 
            [-122.622485273802, 45.4749636620437], 
            [-122.621415714426, 45.4749969955006], 
            [-122.621415714086, 45.4788301803758], 
            [-122.608533474153, 45.4787301865106], 
            [-122.608509706537, 45.4760636464357], 
            [-122.615925312928, 45.476130311419], 
            [-122.615877776684, 45.4722302732821], 
            [-122.620892820002, 45.4722802755753], 
            [-122.620797747053, 45.4628124016446], 
            [-122.622461505775, 45.4632791647965], 
            [-122.622485273794, 45.4643960478794]
          ]
        ]
      }, 
      "properties" : {
        "holc_grade" : "C"
      }
    }, 
    {
      "type" : "Feature", 
      "geometry" : 
      {
        "type" : "Polygon", 
        "coordinates" : 
        [
          [
            [-122.581337657671, 45.5258677415368], 
            [-122.581123436769, 45.5228256630607], 
            [-122.584403724829, 45.5228204273308], 
            [-122.590036735714, 45.5230452346629], 
            [-122.593851495267, 45.522970299999], 
            [-122.598664440787, 45.5229173005952], 
            [-122.598664509304, 45.5192733459946], 
            [-122.589715867695, 45.519223385628], 
            [-122.589826918741, 45.5162474659676], 
            [-122.598536954733, 45.5161704386638], 
            [-122.601805050705, 45.5161496204409], 
            [-122.601894180824, 45.5176901322544], 
            [-122.604033298381, 45.5177317670624], 
            [-122.60415213901, 45.5167741572503], 
            [-122.606528935404, 45.5167949750606], 
            [-122.607256631277, 45.5166003981616], 
            [-122.610322700874, 45.5166003980499], 
            [-122.610322700067, 45.519373266852], 
            [-122.607541846644, 45.5193982478074], 
            [-122.607577470056, 45.5228191515308], 
            [-122.611998342662, 45.5227704705835], 
            [-122.612069646417, 45.52501850661], 
            [-122.614957454763, 45.5250684617159], 
            [-122.614921802775, 45.5260925370007], 
            [-122.601980141569, 45.5261424911243], 
            [-122.588432397203, 45.5259176964128], 
            [-122.581337657671, 45.5258677415368]
          ]
        ]
      }, 
      "properties" : {
        "holc_grade" : "C"
      }
    }, 
    {
      "type" : "Feature", 
      "geometry" : 
      {
        "type" : "Polygon", 
        "coordinates" : 
        [
          [
            [-122.60174563036, 45.5055522521825], 
            [-122.599517382745, 45.5055938959481], 
            [-122.59936883293, 45.497847608629], 
            [-122.610807170319, 45.4979309071927], 
            [-122.610688331429, 45.5051358116507], 
            [-122.610955720926, 45.505698005272], 
            [-122.61101514046, 45.5080091871148], 
            [-122.610034711522, 45.5078634392125], 
            [-122.610302100778, 45.507551122407], 
            [-122.610094131737, 45.5057604707053], 
            [-122.609381092725, 45.5054481418798], 
            [-122.60174563036, 45.5055522521825]
          ]
        ]
      }, 
      "properties" : {
        "holc_grade" : "C"
      }
    }, 
    {
      "type" : "Feature", 
      "geometry" : 
      {
        "type" : "Polygon", 
        "coordinates" : 
        [
          [
            [-122.585700532497, 45.5089317650473], 
            [-122.585731959274, 45.5055106076651], 
            [-122.581394304933, 45.505448142141], 
            [-122.580829814644, 45.5051149897683], 
            [-122.579017506441, 45.5050733456855], 
            [-122.579017507361, 45.5046763354431], 
            [-122.579017506486, 45.5000341685891], 
            [-122.578868956592, 45.4977226597648], 
            [-122.586860937852, 45.4977018343757], 
            [-122.595476827895, 45.4978684329012], 
            [-122.59936883293, 45.497847608629], 
            [-122.599517382745, 45.5055938959481], 
            [-122.596576096564, 45.5056147178222], 
            [-122.596576096714, 45.507051411548], 
            [-122.59042613422, 45.5070930542087], 
            [-122.590366714663, 45.5089669460343], 
            [-122.590663813676, 45.5091543316666], 
            [-122.590752943267, 45.5126312653567], 
            [-122.589861644709, 45.5126312649352], 
            [-122.589891355045, 45.5134640318497], 
            [-122.590663813721, 45.5134848515817], 
            [-122.590782652851, 45.5147756145859], 
            [-122.589891355008, 45.5147756144027], 
            [-122.589861644071, 45.5153168933636], 
            [-122.585642829664, 45.5152128016663], 
            [-122.585700532497, 45.5089317650473]
          ]
        ]
      }, 
      "properties" : {
        "holc_grade" : "C"
      }
    }, 
    {
      "type" : "Feature", 
      "geometry" : 
      {
        "type" : "Polygon", 
        "coordinates" : 
        [
          [
            [-122.578867579644, 45.4898677553856], 
            [-122.580992132844, 45.4899091193332], 
            [-122.58105155272, 45.4884511597403], 
            [-122.578886840311, 45.4884297718255], 
            [-122.578954029634, 45.4834129949151], 
            [-122.589447589295, 45.4870848092736], 
            [-122.598669562759, 45.4910171428412], 
            [-122.599239993845, 45.491650290259], 
            [-122.609270079219, 45.4965819266825], 
            [-122.609745439024, 45.4973149712024], 
            [-122.588211655532, 45.4970150898564], 
            [-122.588164119137, 45.4939495526634], 
            [-122.578752001222, 45.4938495868651], 
            [-122.578835190256, 45.4922859292359], 
            [-122.578867579644, 45.4898677553856]
          ]
        ]
      }, 
      "properties" : {
        "holc_grade" : "C"
      }
    }, 
    {
      "type" : "Feature", 
      "geometry" : 
      {
        "type" : "MultiPolygon", 
        "coordinates" : 
        [
          [
            [
              [-122.579030334629, 45.4823133965509], 
              [-122.579067418729, 45.4796612619681], 
              [-122.588353074269, 45.4797867698996], 
              [-122.588887854008, 45.4799117589945], 
              [-122.589036404054, 45.4802242291341], 
              [-122.586808156572, 45.4801825667439], 
              [-122.586956705902, 45.4819323697195], 
              [-122.589006693768, 45.4819115391157], 
              [-122.589040584079, 45.4859563544229], 
              [-122.588537523219, 45.4857503295636], 
              [-122.579030334629, 45.4823133965509]
            ]
          ], 
          [
            [
              [-122.610017829635, 45.4960598691503], 
              [-122.597539643033, 45.4894369876831], 
              [-122.590096818988, 45.4863889280389], 
              [-122.589897992365, 45.478974337361], 
              [-122.579077618916, 45.478931815721], 
              [-122.579119464433, 45.4759388936101], 
              [-122.608509706537, 45.4760636464357], 
              [-122.608533474153, 45.4787301865106], 
              [-122.608541792629, 45.4795761902044], 
              [-122.608660631956, 45.4846088658574], 
              [-122.607151317438, 45.4845814125235], 
              [-122.607056244246, 45.4819018173514], 
              [-122.599583594796, 45.4817951640796], 
              [-122.599640637352, 45.4865410363486], 
              [-122.601637146621, 45.4865810274094], 
              [-122.601599118075, 45.4902201439393], 
              [-122.605535093602, 45.4903001226846], 
              [-122.605573122873, 45.4916464008606], 
              [-122.6068470856, 45.4916730597929], 
              [-122.606847086188, 45.4924594850499], 
              [-122.608615422918, 45.4924861424245], 
              [-122.608634438572, 45.4921662427405], 
              [-122.611108732987, 45.4921903607533], 
              [-122.611064999869, 45.4967887895424], 
              [-122.610017829635, 45.4960598691503]
            ]
          ]
        ]
      }, 
      "properties" : {
        "holc_grade" : "C"
      }
    }, 
    {
      "type" : "Feature", 
      "geometry" : 
      {
        "type" : "MultiPolygon", 
        "coordinates" : 
        [
          [
            [
              [-122.71607038163, 45.5792066855787], 
              [-122.709776622943, 45.5770639618821], 
              [-122.714967548676, 45.5771171979844], 
              [-122.717401388648, 45.5770772712103], 
              [-122.718580279139, 45.5768377067129], 
              [-122.720919048888, 45.5736966583758], 
              [-122.721983853726, 45.5732707395224], 
              [-122.729038187774, 45.5758128919341], 
              [-122.731852315747, 45.5719131035029], 
              [-122.733620652728, 45.5736966582796], 
              [-122.734476299512, 45.5751607283277], 
              [-122.732612891419, 45.5775830147276], 
              [-122.735484062447, 45.5794063142866], 
              [-122.737499586893, 45.5800185038968], 
              [-122.739020736677, 45.5806972279147], 
              [-122.740256671745, 45.5820679605615], 
              [-122.741283447682, 45.5824805042954], 
              [-122.736853097862, 45.5859936579029], 
              [-122.734457284832, 45.5852617690586], 
              [-122.73223260339, 45.5848758597781], 
              [-122.71607038163, 45.5792066855787]
            ]
          ], 
          [
            [
              [-122.720615808919, 45.5912498092447], 
              [-122.720746532688, 45.5898610053293], 
              [-122.717704231472, 45.5898942708789], 
              [-122.71769234753, 45.5891873815496], 
              [-122.718262779379, 45.5874159621396], 
              [-122.718298431862, 45.5846298141615], 
              [-122.707923711343, 45.5847462525581], 
              [-122.707781102848, 45.5857276561074], 
              [-122.697097400275, 45.5857858742826], 
              [-122.697192471797, 45.5846880335847], 
              [-122.688838028902, 45.5847628873149], 
              [-122.688778429001, 45.5841654164647], 
              [-122.692185153952, 45.584122262795], 
              [-122.692413326975, 45.5827848507621], 
              [-122.697176428383, 45.5828048122781], 
              [-122.697276253396, 45.5813475957303], 
              [-122.70529081432, 45.5813875199975], 
              [-122.705347857419, 45.5824155598483], 
              [-122.713362418413, 45.5824854258178], 
              [-122.713319635498, 45.5805990111538], 
              [-122.713323993036, 45.5790619543805], 
              [-122.728102720123, 45.5843719838476], 
              [-122.726795481012, 45.5860520138761], 
              [-122.727282725045, 45.5862765694776], 
              [-122.72731837766, 45.58808129121], 
              [-122.722303334389, 45.5881062403837], 
              [-122.721970583916, 45.5894451890244], 
              [-122.72167348422, 45.5912747576273], 
              [-122.720615808919, 45.5912498092447]
            ]
          ]
        ]
      }, 
      "properties" : {
        "holc_grade" : "C"
      }
    }, 
    {
      "type" : "Feature", 
      "geometry" : 
      {
        "type" : "Polygon", 
        "coordinates" : 
        [
          [
            [-122.581123436769, 45.5228256630607], 
            [-122.568752515725, 45.5228454068717], 
            [-122.568752515503, 45.5197729484034], 
            [-122.584118510638, 45.5198229092757], 
            [-122.584118509899, 45.5188486804846], 
            [-122.568823818931, 45.5188237003913], 
            [-122.568839457974, 45.5173115024292], 
            [-122.568859472055, 45.5153762951429], 
            [-122.579020279331, 45.5155012047057], 
            [-122.57894897561, 45.5115289408062], 
            [-122.581302004798, 45.5115539251345], 
            [-122.581266353517, 45.5088806100629], 
            [-122.585700532497, 45.5089317650473], 
            [-122.585642829664, 45.5152128016663], 
            [-122.589861644071, 45.5153168933636], 
            [-122.589826918741, 45.5162474659676], 
            [-122.589715867695, 45.519223385628], 
            [-122.589216741097, 45.5194232274544], 
            [-122.58921674067, 45.5199228286014], 
            [-122.590821077992, 45.5209719762103], 
            [-122.591070641931, 45.5215215224305], 
            [-122.592389764573, 45.5221210211612], 
            [-122.593174108116, 45.5224457462753], 
            [-122.593851495267, 45.522970299999], 
            [-122.590036735714, 45.5230452346629], 
            [-122.584403724829, 45.5228204273308], 
            [-122.581123436769, 45.5228256630607]
          ]
        ]
      }, 
      "properties" : {
        "holc_grade" : "C"
      }
    }, 
    {
      "type" : "Feature", 
      "geometry" : 
      {
        "type" : "Polygon", 
        "coordinates" : 
        [
          [
            [-122.570672967843, 45.4972131432475], 
            [-122.570720503454, 45.4944974950086], 
            [-122.578872917986, 45.4945641379878], 
            [-122.578868956592, 45.4977226597648], 
            [-122.579017506486, 45.5000341685891], 
            [-122.579017507361, 45.5046763354431], 
            [-122.574829952136, 45.5046271002335], 
            [-122.564849814275, 45.5045097571637], 
            [-122.564944886131, 45.5033436947293], 
            [-122.565039958351, 45.5030771632247], 
            [-122.564944886291, 45.5011614285265], 
            [-122.565253870211, 45.5006450016311], 
            [-122.565705462071, 45.5006283427496], 
            [-122.56579999961, 45.5003412084455], 
            [-122.566061981168, 45.4995454968445], 
            [-122.566584876864, 45.4992789474199], 
            [-122.566537340772, 45.49722980355], 
            [-122.570672967843, 45.4972131432475]
          ]
        ]
      }, 
      "properties" : {
        "holc_grade" : "C"
      }
    }, 
    {
      "type" : "Feature", 
      "geometry" : 
      {
        "type" : "MultiPolygon", 
        "coordinates" : 
        [
          [
            [
              [-122.579030334629, 45.4823133965509], 
              [-122.569090320566, 45.479413469348], 
              [-122.579067418729, 45.4796612619681], 
              [-122.579030334629, 45.4823133965509]
            ]
          ], 
          [
            [
              [-122.558097633669, 45.4918693909226], 
              [-122.558038213645, 45.4682882944204], 
              [-122.572108853176, 45.4685299886163], 
              [-122.579191709563, 45.4686633365113], 
              [-122.578977797389, 45.4757136544199], 
              [-122.579119464433, 45.4759388936101], 
              [-122.579077618916, 45.478931815721], 
              [-122.568852641294, 45.4786635263415], 
              [-122.568793221334, 45.4769552858509], 
              [-122.56641642388, 45.4769136215692], 
              [-122.566357003677, 45.4807466763019], 
              [-122.568674381366, 45.4808299998629], 
              [-122.568733800763, 45.4802050649955], 
              [-122.578954029634, 45.4834129949151], 
              [-122.578886840311, 45.4884297718255], 
              [-122.578867579644, 45.4898677553856], 
              [-122.578835190256, 45.4922859292359], 
              [-122.558097633669, 45.4918693909226]
            ]
          ], 
          [
            [
              [-122.569910316014, 45.4848477558405], 
              [-122.568692206745, 45.4848060960905], 
              [-122.56878133678, 45.4864099537666], 
              [-122.569940025847, 45.4864099538038], 
              [-122.569910316014, 45.4848477558405]
            ]
          ]
        ]
      }, 
      "properties" : {
        "holc_grade" : "C"
      }
    }, 
    {
      "type" : "Feature", 
      "geometry" : 
      {
        "type" : "Polygon", 
        "coordinates" : 
        [
          [
            [-122.707994410488, 45.5360514546983], 
            [-122.703032847183, 45.5360514544656], 
            [-122.70282487671, 45.5359057801823], 
            [-122.70270603739, 45.5328257114044], 
            [-122.698814030735, 45.5328257114655], 
            [-122.698635772233, 45.5305571732339], 
            [-122.692693779027, 45.5306404247637], 
            [-122.692456098293, 45.5231265542106], 
            [-122.69444770838, 45.5233887255028], 
            [-122.696058279442, 45.5234795156001], 
            [-122.696199555252, 45.5256243502553], 
            [-122.697297814276, 45.5256558443139], 
            [-122.698368382739, 45.5256659797039], 
            [-122.698576351696, 45.5283509856989], 
            [-122.700596629694, 45.5283717995593], 
            [-122.70068575877, 45.5297454729019], 
            [-122.702765457432, 45.5297870993851], 
            [-122.702735746574, 45.5314521120705], 
            [-122.704726315196, 45.5314313003403], 
            [-122.704785734681, 45.5327424641038], 
            [-122.706746592795, 45.5327840871321], 
            [-122.706806013257, 45.5352814545963], 
            [-122.711054537449, 45.5352398334973], 
            [-122.7146791528, 45.5359474012786], 
            [-122.71554074284, 45.5362387502841], 
            [-122.71687769153, 45.5361346969261], 
            [-122.71765015063, 45.5368422539378], 
            [-122.718706863874, 45.5377124533627], 
            [-122.714471183427, 45.5383197695782], 
            [-122.711351637452, 45.5383197703566], 
            [-122.710638598144, 45.5379243816504], 
            [-122.709569039757, 45.5367382018604], 
            [-122.709479908684, 45.5360514546955], 
            [-122.707994410488, 45.5360514546983]
          ]
        ]
      }, 
      "properties" : {
        "holc_grade" : "C"
      }
    }, 
    {
      "type" : "Feature", 
      "geometry" : 
      {
        "type" : "Polygon", 
        "coordinates" : 
        [
          [
            [-122.696058279442, 45.5234795156001], 
            [-122.69444770838, 45.5233887255028], 
            [-122.694417999237, 45.5209740946896], 
            [-122.691179612824, 45.5201414388355], 
            [-122.692962211096, 45.5167274221758], 
            [-122.68933759467, 45.5157697959383], 
            [-122.689604984361, 45.5152077029773], 
            [-122.688297745814, 45.5148121520199], 
            [-122.688921654904, 45.5136046653885], 
            [-122.687020217623, 45.5129800937535], 
            [-122.683930381155, 45.5189132497156], 
            [-122.681167353794, 45.5181638329332], 
            [-122.683493544933, 45.5128472898417], 
            [-122.684346321005, 45.5108981356755], 
            [-122.681880393489, 45.5101902533259], 
            [-122.682563722368, 45.5087328183508], 
            [-122.682682562887, 45.508253938546], 
            [-122.682682562964, 45.5050266012345], 
            [-122.683844145963, 45.5050591648801], 
            [-122.684910808824, 45.5050890678255], 
            [-122.684955396805, 45.5068806476919], 
            [-122.684999938854, 45.5086703564175], 
            [-122.68767383612, 45.5087119974723], 
            [-122.689129624647, 45.5105858358188], 
            [-122.689278174721, 45.5108148558767], 
            [-122.689189044388, 45.5113145338453], 
            [-122.691268741956, 45.51185584558], 
            [-122.692754241048, 45.5086911768219], 
            [-122.6927542404, 45.5078999824188], 
            [-122.695538115746, 45.5072251527888], 
            [-122.694995561239, 45.50842716943], 
            [-122.692975282667, 45.5126245006205], 
            [-122.694948024559, 45.5131408171542], 
            [-122.693355570671, 45.5161220378635], 
            [-122.694496432069, 45.5169880610684], 
            [-122.695661063519, 45.5180539175107], 
            [-122.696492943259, 45.5185368773739], 
            [-122.697277286514, 45.5185368767058], 
            [-122.698251772139, 45.5182704172914], 
            [-122.698280294872, 45.5197042899616], 
            [-122.697032475763, 45.5197667403355], 
            [-122.696824505286, 45.5200165399405], 
            [-122.697032475778, 45.5235344323608], 
            [-122.696058279442, 45.5234795156001]
          ]
        ]
      }, 
      "properties" : {
        "holc_grade" : "C"
      }
    }, 
    {
      "type" : "Feature", 
      "geometry" : 
      {
        "type" : "Polygon", 
        "coordinates" : 
        [
          [
            [-122.697246862258, 45.5036156760703], 
            [-122.694186736902, 45.5034282714517], 
            [-122.694186736408, 45.5021372478241], 
            [-122.692493268954, 45.5019706621911], 
            [-122.692463558848, 45.5013043145437], 
            [-122.689106332565, 45.5011169023853], 
            [-122.689403431375, 45.4942030504289], 
            [-122.696058464594, 45.4944529630557], 
            [-122.696414983276, 45.4967546101336], 
            [-122.696355563146, 45.4972960626671], 
            [-122.696266432783, 45.4998466498992], 
            [-122.697306282731, 45.4999091218743], 
            [-122.697246862258, 45.5036156760703]
          ]
        ]
      }, 
      "properties" : {
        "holc_grade" : "C"
      }
    }, 
    {
      "type" : "Feature", 
      "geometry" : 
      {
        "type" : "Polygon", 
        "coordinates" : 
        [
          [
            [-122.675919087758, 45.4894970495274], 
            [-122.67731545682, 45.4882834658319], 
            [-122.678444435781, 45.486887950585], 
            [-122.679335733936, 45.4856382066554], 
            [-122.679365444346, 45.4849300057473], 
            [-122.679305525894, 45.4840680130988], 
            [-122.679811093375, 45.4845342424328], 
            [-122.680672682815, 45.4847425396847], 
            [-122.680732103112, 45.4850341535139], 
            [-122.681177752059, 45.4854299128593], 
            [-122.681593692224, 45.4859506452553], 
            [-122.681356011853, 45.4866588328326], 
            [-122.681088622584, 45.4870754100641], 
            [-122.679870514133, 45.4872420400269], 
            [-122.68007848406, 45.4874086697553], 
            [-122.680850942457, 45.4877419264928], 
            [-122.681237172675, 45.4882418085927], 
            [-122.681088622253, 45.4889499685855], 
            [-122.681326302189, 45.4891374202973], 
            [-122.682187890951, 45.4888249998925], 
            [-122.683465420478, 45.4891999042585], 
            [-122.684832078517, 45.4891999045204], 
            [-122.68498062746, 45.4922198815851], 
            [-122.686079896819, 45.4922198816869], 
            [-122.686139316509, 45.4946565722102], 
            [-122.681742242254, 45.4946357458962], 
            [-122.681474851444, 45.4951355669476], 
            [-122.680375583083, 45.4954896042101], 
            [-122.679068344014, 45.4956978609849], 
            [-122.678007905988, 45.4957109176349], 
            [-122.676542501528, 45.4933792320656], 
            [-122.676708878131, 45.4926294743603], 
            [-122.677231774082, 45.4917630765211], 
            [-122.678087420735, 45.4910132981027], 
            [-122.678111188449, 45.4894970496096], 
            [-122.675919087758, 45.4894970495274]
          ]
        ]
      }, 
      "properties" : {
        "holc_grade" : "C"
      }
    }, 
    {
      "type" : "Feature", 
      "geometry" : 
      {
        "type" : "MultiPolygon", 
        "coordinates" : 
        [
          [
            [
              [-122.67490155941, 45.5632608249394], 
              [-122.681318912418, 45.5632109040519], 
              [-122.681318912549, 45.5664390644536], 
              [-122.678132438154, 45.5664958472162], 
              [-122.674782719503, 45.5665555400635], 
              [-122.67490155941, 45.5632608249394]
            ]
          ], 
          [
            [
              [-122.687332209306, 45.5699498933605], 
              [-122.687284672606, 45.5664057847034], 
              [-122.682887598005, 45.5664057848382], 
              [-122.682958902546, 45.5632441852028], 
              [-122.692299715473, 45.5632941058453], 
              [-122.692359135212, 45.5627356497121], 
              [-122.697906579952, 45.5627755864835], 
              [-122.698574460521, 45.5630944204419], 
              [-122.698930980789, 45.5635270720191], 
              [-122.698907212163, 45.5638765187646], 
              [-122.698479388141, 45.5641594027525], 
              [-122.698265476982, 45.5646086863402], 
              [-122.697718813603, 45.5650413268518], 
              [-122.697623741358, 45.565324204603], 
              [-122.697885189581, 45.5655238831313], 
              [-122.698740837025, 45.5652410053634], 
              [-122.699192427556, 45.5651078864576], 
              [-122.699525178349, 45.5654240441471], 
              [-122.699548947669, 45.5664224239613], 
              [-122.696007643045, 45.5663685286857], 
              [-122.695175640617, 45.5663558667939], 
              [-122.69517564115, 45.5767712582834], 
              [-122.69008929349, 45.5767878944348], 
              [-122.689994222411, 45.5726951767585], 
              [-122.691539141168, 45.5726951760636], 
              [-122.691515372212, 45.5717800974552], 
              [-122.682816294652, 45.5716969077427], 
              [-122.682816294556, 45.5699831707813], 
              [-122.687332209306, 45.5699498933605]
            ]
          ]
        ]
      }, 
      "properties" : {
        "holc_grade" : "C"
      }
    }, 
    {
      "type" : "Feature", 
      "geometry" : 
      {
        "type" : "Polygon", 
        "coordinates" : 
        [
          [
            [-122.67482464576, 45.5718966127692], 
            [-122.674854023609, 45.5734937795507], 
            [-122.668959566458, 45.5735603283346], 
            [-122.668436670742, 45.5770707136344], 
            [-122.668222759027, 45.5789339562588], 
            [-122.671930563356, 45.5789505919219], 
            [-122.671978099499, 45.5815457192751], 
            [-122.674521271449, 45.5815457189279], 
            [-122.674568808131, 45.5795661142999], 
            [-122.6815328243, 45.5795827498755], 
            [-122.681509055707, 45.5823774659108], 
            [-122.681366447948, 45.5843736058648], 
            [-122.679417474438, 45.583874578409], 
            [-122.676993141579, 45.5844235091379], 
            [-122.671407666633, 45.5835751592108], 
            [-122.662256998348, 45.581412638289], 
            [-122.662138158153, 45.5782685193452], 
            [-122.662233230269, 45.5700663629298], 
            [-122.669030870735, 45.5699998085213], 
            [-122.669078406249, 45.5719298383554], 
            [-122.67482464576, 45.5718966127692]
          ]
        ]
      }, 
      "properties" : {
        "holc_grade" : "C"
      }
    }, 
    {
      "type" : "Feature", 
      "geometry" : 
      {
        "type" : "MultiPolygon", 
        "coordinates" : 
        [
          [
            [
              [-122.682989801092, 45.5622733711419], 
              [-122.683061104906, 45.5559828123882], 
              [-122.69222365779, 45.556007777157], 
              [-122.692292453996, 45.5590907168287], 
              [-122.692366265386, 45.5623981767372], 
              [-122.682989801092, 45.5622733711419]
            ]
          ], 
          [
            [
              [-122.66213340409, 45.5624980216149], 
              [-122.662169056694, 45.5565070532166], 
              [-122.668122932856, 45.5564321623197], 
              [-122.668122933715, 45.5567317262455], 
              [-122.678961130107, 45.5568815073146], 
              [-122.679317648609, 45.5476941767961], 
              [-122.681635026076, 45.5476192738847], 
              [-122.681614362185, 45.5488430943353], 
              [-122.681521190639, 45.5543609623046], 
              [-122.681385462463, 45.5623981770242], 
              [-122.66213340409, 45.5624980216149]
            ]
          ]
        ]
      }, 
      "properties" : {
        "holc_grade" : "C"
      }
    }, 
    {
      "type" : "Feature", 
      "geometry" : 
      {
        "type" : "Polygon", 
        "coordinates" : 
        [
          [
            [-122.649721689731, 45.5759084154852], 
            [-122.649632560469, 45.5750141842616], 
            [-122.644017376541, 45.5750349802992], 
            [-122.64300723791, 45.5745150721883], 
            [-122.643007238429, 45.5741199390338], 
            [-122.635728296016, 45.5736416161593], 
            [-122.63586496134, 45.5706384871176], 
            [-122.643114192935, 45.5706384868859], 
            [-122.64311403758, 45.5706176895262], 
            [-122.643097771985, 45.5684428387995], 
            [-122.643127637081, 45.5684427682842], 
            [-122.660862927589, 45.5684005941669], 
            [-122.660862926782, 45.5752637383272], 
            [-122.660625247125, 45.5785910209276], 
            [-122.656525273065, 45.5775928569624], 
            [-122.656644112329, 45.5759292104747], 
            [-122.649721689731, 45.5759084154852]
          ]
        ]
      }, 
      "properties" : {
        "holc_grade" : "C"
      }
    }, 
    {
      "type" : "Feature", 
      "geometry" : 
      {
        "type" : "MultiPolygon", 
        "coordinates" : 
        [
          [
            [
              [-122.653055147462, 45.5673731294765], 
              [-122.653031379675, 45.5654928636864], 
              [-122.645663309072, 45.5654928636045], 
              [-122.645661489339, 45.5655136638539], 
              [-122.645633598407, 45.5655136637467], 
              [-122.645592010659, 45.5628186321229], 
              [-122.660809448925, 45.5628179510338], 
              [-122.660862927589, 45.5684005941669], 
              [-122.643127637081, 45.5684427682842], 
              [-122.643120288802, 45.5674602863024], 
              [-122.653025437253, 45.5673939288353], 
              [-122.653025177062, 45.567373330082], 
              [-122.653055147462, 45.5673731294765]
            ]
          ], 
          [
            [
              [-122.634861983561, 45.5627983130914], 
              [-122.643304337196, 45.5627979354973], 
              [-122.64319143921, 45.5645943072257], 
              [-122.634834118053, 45.5646272989845], 
              [-122.634861983561, 45.5627983130914]
            ]
          ]
        ]
      }, 
      "properties" : {
        "holc_grade" : "C"
      }
    }, 
    {
      "type" : "Feature", 
      "geometry" : 
      {
        "type" : "Polygon", 
        "coordinates" : 
        [
          [
            [-122.625583333335, 45.5628047780284], 
            [-122.625642672807, 45.5567388946129], 
            [-122.630610258393, 45.5566890244225], 
            [-122.630673499027, 45.5542535172989], 
            [-122.644673471703, 45.5542539786005], 
            [-122.644673471953, 45.5519863058608], 
            [-122.646248099792, 45.5520279154675], 
            [-122.64636693993, 45.5540875466492], 
            [-122.649308226509, 45.554045939129], 
            [-122.649248806252, 45.5521527438862], 
            [-122.650288654774, 45.5521319396804], 
            [-122.650288654231, 45.5481581004951], 
            [-122.654923410179, 45.5481581005286], 
            [-122.658372101694, 45.548122053273], 
            [-122.660895112143, 45.5480956818037], 
            [-122.660910463467, 45.5494414806221], 
            [-122.653922678582, 45.549466447713], 
            [-122.653637464136, 45.5555829862581], 
            [-122.633850625426, 45.555632914969], 
            [-122.633978176464, 45.5586471431875], 
            [-122.633993234329, 45.5590029649938], 
            [-122.63492018546, 45.5589780027588], 
            [-122.634910311607, 45.5596261535999], 
            [-122.634861983561, 45.5627983130914], 
            [-122.634834118053, 45.5646272989845], 
            [-122.634777577412, 45.5683381978704], 
            [-122.630570645703, 45.568313238979], 
            [-122.630606298131, 45.564020221574], 
            [-122.625543718846, 45.5639952615583], 
            [-122.625583333335, 45.5628047780284]
          ]
        ]
      }, 
      "properties" : {
        "holc_grade" : "C"
      }
    }, 
    {
      "type" : "Feature", 
      "geometry" : 
      {
        "type" : "Polygon", 
        "coordinates" : 
        [
          [
            [-122.662240360477, 45.5483183634313], 
            [-122.673542032127, 45.5481685595134], 
            [-122.674611589851, 45.5477191447934], 
            [-122.67589506075, 45.5476442421312], 
            [-122.679317648609, 45.5476941767961], 
            [-122.678961130107, 45.5568815073146], 
            [-122.668122933715, 45.5567317262455], 
            [-122.668122932856, 45.5564321623197], 
            [-122.662169056694, 45.5565070532166], 
            [-122.662240360477, 45.5483183634313]
          ]
        ]
      }, 
      "properties" : {
        "holc_grade" : "D"
      }
    }, 
    {
      "type" : "Feature", 
      "geometry" : 
      {
        "type" : "Polygon", 
        "coordinates" : 
        [
          [
            [-122.673542032127, 45.5481685595134], 
            [-122.662240360477, 45.5483183634313], 
            [-122.662382967736, 45.5404031614608], 
            [-122.662739487317, 45.5285907082624], 
            [-122.666910767693, 45.5285907087838], 
            [-122.666946418744, 45.5317875574021], 
            [-122.671652478066, 45.5347344923149], 
            [-122.674682893621, 45.5365575190051], 
            [-122.674575938216, 45.5389048901816], 
            [-122.676251580778, 45.5401284808822], 
            [-122.676108972633, 45.5435993393089], 
            [-122.676251580849, 45.5449476724971], 
            [-122.675966364171, 45.5461711321768], 
            [-122.67589506075, 45.5476442421312], 
            [-122.674611589851, 45.5477191447934], 
            [-122.673542032127, 45.5481685595134]
          ]
        ]
      }, 
      "properties" : {
        "holc_grade" : "D"
      }
    }, 
    {
      "type" : "Feature", 
      "geometry" : 
      {
        "type" : "MultiPolygon", 
        "coordinates" : 
        [
          [
            [
              [-122.653922678582, 45.549466447713], 
              [-122.660910463467, 45.5494414806221], 
              [-122.660767855333, 45.5588032643246], 
              [-122.633978176464, 45.5586471431875], 
              [-122.633850625426, 45.555632914969], 
              [-122.653637464136, 45.5555829862581], 
              [-122.653922678582, 45.549466447713]
            ]
          ], 
          [
            [
              [-122.634861983561, 45.5627983130914], 
              [-122.634910311607, 45.5596261535999], 
              [-122.660767855381, 45.5597518376747], 
              [-122.660839158972, 45.5627971505341], 
              [-122.643304337196, 45.5627979354973], 
              [-122.634861983561, 45.5627983130914]
            ]
          ]
        ]
      }, 
      "properties" : {
        "holc_grade" : "D"
      }
    }, 
    {
      "type" : "Feature", 
      "geometry" : 
      {
        "type" : "MultiPolygon", 
        "coordinates" : 
        [
          [
            [
              [-122.646070918955, 45.5169379238451], 
              [-122.646106570711, 45.5159386641282], 
              [-122.648388296888, 45.5159886276268], 
              [-122.64835264517, 45.5152641532119], 
              [-122.646142224013, 45.5152641536623], 
              [-122.646106571727, 45.5127658966522], 
              [-122.653629134838, 45.5128908120879], 
              [-122.653664786718, 45.5169878858078], 
              [-122.646070918955, 45.5169379238451]
            ]
          ], 
          [
            [
              [-122.646035267858, 45.5191112521256], 
              [-122.645999615714, 45.5175374712763], 
              [-122.65366478679, 45.5175624519626], 
              [-122.653664786334, 45.5191612128919], 
              [-122.646035267858, 45.5191112521256]
            ]
          ], 
          [
            [
              [-122.634931662972, 45.5296797040249], 
              [-122.634909410152, 45.5168637579692], 
              [-122.634908097173, 45.5161079285043], 
              [-122.634901952725, 45.512568807575], 
              [-122.64524102166, 45.5127770006344], 
              [-122.645241021335, 45.5159830758327], 
              [-122.639358447775, 45.5159414403116], 
              [-122.639328737246, 45.519168151317], 
              [-122.645062760926, 45.519147334395], 
              [-122.645122181581, 45.5195844886212], 
              [-122.653619231215, 45.5196469383832], 
              [-122.653619231551, 45.5224987568654], 
              [-122.644646821909, 45.5258916085652], 
              [-122.634931662972, 45.5296797040249]
            ]
          ], 
          [
            [
              [-122.640511679736, 45.528332621733], 
              [-122.653783715441, 45.5231106860259], 
              [-122.660020432121, 45.5231772952318], 
              [-122.659944374729, 45.5262945250139], 
              [-122.655495010456, 45.5282260561377], 
              [-122.653536528705, 45.5282393771719], 
              [-122.653517514298, 45.5252288253135], 
              [-122.652395665434, 45.5251888608676], 
              [-122.652357637076, 45.5248558259788], 
              [-122.650817472187, 45.5248025395167], 
              [-122.650893529826, 45.5281328115749], 
              [-122.64792728775, 45.528159452934], 
              [-122.647908273436, 45.5301175595977], 
              [-122.637298249274, 45.5301441994681], 
              [-122.634927156555, 45.5309849774754], 
              [-122.634928818213, 45.5305038573892], 
              [-122.640511679736, 45.528332621733]
            ]
          ]
        ]
      }, 
      "properties" : {
        "holc_grade" : "D"
      }
    }, 
    {
      "type" : "Feature", 
      "geometry" : 
      {
        "type" : "Polygon", 
        "coordinates" : 
        [
          [
            [-122.622861493512, 45.5115417103327], 
            [-122.622701330268, 45.5053683586518], 
            [-122.622683234296, 45.5046707832057], 
            [-122.622647583076, 45.5003729041556], 
            [-122.622647581856, 45.497774027283], 
            [-122.626569298177, 45.4977740275067], 
            [-122.626604950263, 45.498898555893], 
            [-122.628387547036, 45.4988735662209], 
            [-122.631311008251, 45.497898976226], 
            [-122.631417964061, 45.4967744278045], 
            [-122.647425694137, 45.5002479611722], 
            [-122.651490017434, 45.5021720564417], 
            [-122.651775232867, 45.5045458492037], 
            [-122.629492758567, 45.5044459030602], 
            [-122.629503119662, 45.5051454533103], 
            [-122.629599714858, 45.5116666286572], 
            [-122.622861493512, 45.5115417103327]
          ]
        ]
      }, 
      "properties" : {
        "holc_grade" : "D"
      }
    }, 
    {
      "type" : "Feature", 
      "geometry" : 
      {
        "type" : "Polygon", 
        "coordinates" : 
        [
          [
            [-122.692456098293, 45.5231265542106], 
            [-122.692693779027, 45.5306404247637], 
            [-122.698635772233, 45.5305571732339], 
            [-122.698814030735, 45.5328257114655], 
            [-122.70270603739, 45.5328257114044], 
            [-122.70282487671, 45.5359057801823], 
            [-122.703032847183, 45.5360514544656], 
            [-122.707994410488, 45.5360514546983], 
            [-122.707994411053, 45.5374665612968], 
            [-122.700774889673, 45.5375081818725], 
            [-122.700774889632, 45.5395267265755], 
            [-122.697595923196, 45.540587993447], 
            [-122.695783615569, 45.5410249810992], 
            [-122.692753198891, 45.539006489354], 
            [-122.69263435903, 45.5355103745171], 
            [-122.690762631346, 45.5355103751939], 
            [-122.690316981275, 45.5230016616412], 
            [-122.692456098293, 45.5231265542106]
          ]
        ]
      }, 
      "properties" : {
        "holc_grade" : "D"
      }
    }, 
    {
      "type" : "Feature", 
      "geometry" : 
      {
        "type" : "Polygon", 
        "coordinates" : 
        [
          [
            [-122.683930381155, 45.5189132497156], 
            [-122.687020217623, 45.5129800937535], 
            [-122.688921654904, 45.5136046653885], 
            [-122.688297745814, 45.5148121520199], 
            [-122.689604984361, 45.5152077029773], 
            [-122.68933759467, 45.5157697959383], 
            [-122.692962211096, 45.5167274221758], 
            [-122.691179612824, 45.5201414388355], 
            [-122.690090247419, 45.5218958985242], 
            [-122.685265348832, 45.5206136255054], 
            [-122.685907084361, 45.519464549951], 
            [-122.683930381155, 45.5189132497156]
          ]
        ]
      }, 
      "properties" : {
        "holc_grade" : "D"
      }
    }, 
    {
      "type" : "Feature", 
      "geometry" : 
      {
        "type" : "Polygon", 
        "coordinates" : 
        [
          [
            [-122.675919087758, 45.4894970495274], 
            [-122.678111188449, 45.4894970496096], 
            [-122.678087420735, 45.4910132981027], 
            [-122.677231774082, 45.4917630765211], 
            [-122.676708878131, 45.4926294743603], 
            [-122.676542501528, 45.4933792320656], 
            [-122.678007905988, 45.4957109176349], 
            [-122.681914064184, 45.5019257536166], 
            [-122.68174768845, 45.5049741989617], 
            [-122.682682562964, 45.5050266012345], 
            [-122.682682562887, 45.508253938546], 
            [-122.682563722368, 45.5087328183508], 
            [-122.681880393489, 45.5101902533259], 
            [-122.684346321005, 45.5108981356755], 
            [-122.683493544933, 45.5128472898417], 
            [-122.681818992052, 45.5124530189224], 
            [-122.679228283203, 45.5177325662338], 
            [-122.677398149582, 45.5172995625396], 
            [-122.677968580843, 45.5159339121455], 
            [-122.674165705585, 45.5149346337097], 
            [-122.67713670194, 45.5089219399091], 
            [-122.67723177369, 45.5046077277025], 
            [-122.675639319627, 45.5045744124056], 
            [-122.673310057925, 45.4998600468285], 
            [-122.673262522212, 45.4914465051752], 
            [-122.673999329594, 45.4894970495601], 
            [-122.675919087758, 45.4894970495274]
          ]
        ]
      }, 
      "properties" : {
        "holc_grade" : "D"
      }
    }, 
    {
      "type" : "Feature", 
      "geometry" : 
      {
        "type" : "Polygon", 
        "coordinates" : 
        [
          [
            [-122.679305525894, 45.4840680130988], 
            [-122.674724678072, 45.4839806208403], 
            [-122.673488743479, 45.4822808746248], 
            [-122.673393671612, 45.4730480214933], 
            [-122.676768723348, 45.4729813530721], 
            [-122.676768723434, 45.4755480410865], 
            [-122.677006403087, 45.4757147050137], 
            [-122.679145520938, 45.4757480378416], 
            [-122.68061913555, 45.4827474763879], 
            [-122.681569853865, 45.4830474328447], 
            [-122.681712462045, 45.4841139327049], 
            [-122.679305525894, 45.4840680130988]
          ]
        ]
      }, 
      "properties" : {
        "holc_grade" : "D"
      }
    }, 
    {
      "type" : "Feature", 
      "geometry" : 
      {
        "type" : "MultiPolygon", 
        "coordinates" : 
        [
          [
            [
              [-122.572180157158, 45.4623956463808], 
              [-122.572774356158, 45.4614621010954], 
              [-122.590909320526, 45.4615621249214], 
              [-122.615628011162, 45.4614954427653], 
              [-122.615877776684, 45.4722302732821], 
              [-122.615925312928, 45.476130311419], 
              [-122.608509706537, 45.4760636464357], 
              [-122.579119464433, 45.4759388936101], 
              [-122.578977797389, 45.4757136544199], 
              [-122.579191709563, 45.4686633365113], 
              [-122.572108853176, 45.4685299886163], 
              [-122.572180157158, 45.4623956463808]
            ]
          ], 
          [
            [
              [-122.578311994889, 45.5445984338427], 
              [-122.578193153909, 45.5408321514294], 
              [-122.568270025803, 45.5408737696574], 
              [-122.56823199673, 45.5398083457866], 
              [-122.568311082785, 45.5372313763555], 
              [-122.573261300029, 45.53719047923], 
              [-122.573291009849, 45.5341312918717], 
              [-122.578549673979, 45.5341937263246], 
              [-122.578519963756, 45.5373569611797], 
              [-122.583006168647, 45.537356961103], 
              [-122.582976458211, 45.5390841787614], 
              [-122.581164150157, 45.5391049879948], 
              [-122.581164150534, 45.5416645016893], 
              [-122.583570657917, 45.5416853100524], 
              [-122.583897468052, 45.5415188406516], 
              [-122.58523441649, 45.5415396500288], 
              [-122.585174995971, 45.5447024712896], 
              [-122.579670633744, 45.5446190292449], 
              [-122.578311994889, 45.5445984338427]
            ]
          ], 
          [
            [
              [-122.597953065523, 45.5589357052766], 
              [-122.589182682403, 45.5589107423298], 
              [-122.589040074965, 45.5592352553831], 
              [-122.581125340136, 45.5593850306825], 
              [-122.581446111821, 45.55553811645], 
              [-122.591212309897, 45.5555214773375], 
              [-122.591123179023, 45.5525048967838], 
              [-122.599412259398, 45.5525465059606], 
              [-122.599531099665, 45.5484478605506], 
              [-122.604512408211, 45.5484204465222], 
              [-122.604441721559, 45.5519207709395], 
              [-122.615216451411, 45.551846737456], 
              [-122.615069411935, 45.555479870713], 
              [-122.620238945598, 45.5554798707644], 
              [-122.620266872703, 45.5548665544833], 
              [-122.623087695616, 45.5548916151615], 
              [-122.623194652174, 45.5555157220368], 
              [-122.625654637059, 45.5555157225211], 
              [-122.625642672807, 45.5567388946129], 
              [-122.625583333335, 45.5628047780284], 
              [-122.594352216674, 45.5627798163656], 
              [-122.597953065523, 45.5589357052766]
            ]
          ]
        ]
      }, 
      "properties" : {
        "holc_grade" : "C"
      }
    }, 
    {
      "type" : "Feature", 
      "geometry" : 
      {
        "type" : "MultiPolygon", 
        "coordinates" : 
        [
          [
            [
              [-122.687606919465, 45.4689810866814], 
              [-122.685990697082, 45.4682476731946], 
              [-122.685990697255, 45.4688144023937], 
              [-122.685467801905, 45.4689477493313], 
              [-122.684944906387, 45.4687477285951], 
              [-122.68375650832, 45.4681809990351], 
              [-122.682805788922, 45.4673142244659], 
              [-122.682282894263, 45.4665807899266], 
              [-122.682140285393, 45.4658473460224], 
              [-122.6803339203, 45.4672475494834], 
              [-122.680048703706, 45.4671475362183], 
              [-122.680238848629, 45.463947014078], 
              [-122.681094495062, 45.4635802770224], 
              [-122.684707227309, 45.4636469561635], 
              [-122.685800553991, 45.4632468763369], 
              [-122.686513592651, 45.4632135363678], 
              [-122.688700246524, 45.4637803154023], 
              [-122.68984110878, 45.4634469172991], 
              [-122.689936181196, 45.469847834968], 
              [-122.688700246288, 45.4702478678044], 
              [-122.688557638519, 45.4691811058495], 
              [-122.687606919465, 45.4689810866814]
            ]
          ], 
          [
            [
              [-122.699764238056, 45.4725480042404], 
              [-122.699645398382, 45.4708395787547], 
              [-122.70264610404, 45.4707562395046], 
              [-122.702646103718, 45.4654847880025], 
              [-122.715510519292, 45.4654014405543], 
              [-122.71542138987, 45.4619632668961], 
              [-122.719343105006, 45.4619841045031], 
              [-122.719372814798, 45.4658390112215], 
              [-122.717827897003, 45.4692144425186], 
              [-122.717798186197, 45.4700270168863], 
              [-122.715421390368, 45.4699853467558], 
              [-122.715361970243, 45.4711729346911], 
              [-122.70769679824, 45.4709854221347], 
              [-122.707548248491, 45.472610506057], 
              [-122.699764238056, 45.4725480042404]
            ]
          ], 
          [
            [
              [-122.673964103641, 45.4697478261161], 
              [-122.673964103072, 45.4682810106185], 
              [-122.678670161849, 45.4683143477387], 
              [-122.678717697271, 45.4691811059068], 
              [-122.683376220671, 45.4692811166486], 
              [-122.683471292842, 45.4709812549238], 
              [-122.681712461439, 45.4709812551862], 
              [-122.681569854584, 45.4729480184887], 
              [-122.676768723348, 45.4729813530721], 
              [-122.676340899686, 45.4719813128896], 
              [-122.675960612298, 45.4713146098191], 
              [-122.674772215087, 45.4706145632056], 
              [-122.674582070521, 45.4698144985621], 
              [-122.673964103641, 45.4697478261161]
            ]
          ], 
          [
            [
              [-122.688563580169, 45.4782354376161], 
              [-122.687939671172, 45.4776104729095], 
              [-122.687553441976, 45.4776104729411], 
              [-122.686810691709, 45.4776938023992], 
              [-122.686365043218, 45.4779646203037], 
              [-122.686008523122, 45.4780271171155], 
              [-122.685741133127, 45.4778396272493], 
              [-122.685622293968, 45.4774021501392], 
              [-122.686127363468, 45.4770688313216], 
              [-122.687820831648, 45.4768605060915], 
              [-122.687523731199, 45.476610515108], 
              [-122.686840402353, 45.4765896827886], 
              [-122.686067943258, 45.4763605230839], 
              [-122.685681714254, 45.4763813554082], 
              [-122.6852657734, 45.4766730129393], 
              [-122.684849834497, 45.4767771762745], 
              [-122.684493314849, 45.4766521801952], 
              [-122.684493315799, 45.4762980244476], 
              [-122.684938964454, 45.4758188698391], 
              [-122.685473743293, 45.4753813760262], 
              [-122.685711423152, 45.4747147135245], 
              [-122.68580055355, 45.4744230460087], 
              [-122.686780982622, 45.4749855453149], 
              [-122.687999090986, 45.4751522116449], 
              [-122.688415030629, 45.4754022088437], 
              [-122.688890389415, 45.4757772036857], 
              [-122.688860680077, 45.4729021831605], 
              [-122.689870819785, 45.4730271869345], 
              [-122.692128776122, 45.4731313575168], 
              [-122.693257755774, 45.472714676974], 
              [-122.694030213927, 45.4720063142305], 
              [-122.694327314368, 45.4720063139604], 
              [-122.696763531142, 45.4767146783449], 
              [-122.696882371796, 45.4775063113061], 
              [-122.696793241384, 45.4780479489826], 
              [-122.693525144478, 45.4785062540503], 
              [-122.692425875402, 45.4789437222209], 
              [-122.691564287764, 45.4787562359089], 
              [-122.69064327813, 45.4782562702995], 
              [-122.688563580169, 45.4782354376161]
            ]
          ], 
          [
            [
              [-122.712925752879, 45.4798394815831], 
              [-122.707637378893, 45.4797978192119], 
              [-122.707696798745, 45.4816726194352], 
              [-122.706567819412, 45.481276832888], 
              [-122.706567819417, 45.4823808601955], 
              [-122.704874352352, 45.4832557357077], 
              [-122.70276494433, 45.4831515846509], 
              [-122.702764943762, 45.4815476344784], 
              [-122.696407011548, 45.4814018185687], 
              [-122.698664968247, 45.4761105295914], 
              [-122.717917026405, 45.4764855194708], 
              [-122.71782789692, 45.4799228074454], 
              [-122.723056851041, 45.4799436391465], 
              [-122.72314598105, 45.4849012957813], 
              [-122.721185122351, 45.4847763176891], 
              [-122.718986586135, 45.4843388941956], 
              [-122.715748200118, 45.4830890935302], 
              [-122.713044591908, 45.4819017569947], 
              [-122.712925752879, 45.4798394815831]
            ]
          ], 
          [
            [
              [-122.720204822349, 45.5045227031325], 
              [-122.719957635399, 45.503869711607], 
              [-122.719520304956, 45.5039230171543], 
              [-122.718360428162, 45.5040029754998], 
              [-122.717656895458, 45.5038430591373], 
              [-122.716478004442, 45.5033766312526], 
              [-122.715736443701, 45.5030701197108], 
              [-122.714652623928, 45.5028568935332], 
              [-122.714291351686, 45.5025770318585], 
              [-122.713663876371, 45.5022838437546], 
              [-122.71381599135, 45.501630825375], 
              [-122.713796977211, 45.5003514219138], 
              [-122.71457656671, 45.5003647499719], 
              [-122.715869544427, 45.5002448036521], 
              [-122.716877306142, 45.4998583109195], 
              [-122.717675910869, 45.4999516031625], 
              [-122.718588600371, 45.4993918503089], 
              [-122.719444247581, 45.4991519549339], 
              [-122.720394966004, 45.4992052648777], 
              [-122.72214429029, 45.4997650197896], 
              [-122.722391476276, 45.5002181493967], 
              [-122.722752749635, 45.5004580403232], 
              [-122.724121784432, 45.5004713668982], 
              [-122.724711230117, 45.5006312944909], 
              [-122.725205605157, 45.5011643800069], 
              [-122.725167575085, 45.501550863889], 
              [-122.724673201645, 45.5018973638139], 
              [-122.724654187142, 45.5031367525137], 
              [-122.723418253035, 45.5031900597289], 
              [-122.723418252201, 45.5034166110348], 
              [-122.722543591961, 45.503469917053], 
              [-122.722410491007, 45.5041229138346], 
              [-122.722258375695, 45.5042695028458], 
              [-122.722087247054, 45.5052289914753], 
              [-122.721821045605, 45.5052956224561], 
              [-122.721022441079, 45.5046159869648], 
              [-122.720204822349, 45.5045227031325]
            ]
          ], 
          [
            [
              [-122.723056980554, 45.5022172087013], 
              [-122.722543592035, 45.5019506715202], 
              [-122.720642154071, 45.501977325141], 
              [-122.720204822837, 45.5018573839809], 
              [-122.719957635324, 45.5013243043803], 
              [-122.718417471372, 45.5014175935958], 
              [-122.717447738682, 45.5014042671385], 
              [-122.716497019146, 45.50167080604], 
              [-122.715888558731, 45.5017241148051], 
              [-122.715603343543, 45.5022838436146], 
              [-122.715736444035, 45.5026569928899], 
              [-122.716249831963, 45.5027636059903], 
              [-122.717010407309, 45.5026836463549], 
              [-122.717847039865, 45.5026170130015], 
              [-122.718816773948, 45.5032300392741], 
              [-122.72045201003, 45.5033499784122], 
              [-122.720832297699, 45.5034699169148], 
              [-122.721041456466, 45.5037897529572], 
              [-122.721554844176, 45.5038563852674], 
              [-122.721821045447, 45.5036964680585], 
              [-122.721859073998, 45.5034699175532], 
              [-122.722866835726, 45.5030701198282], 
              [-122.723323181571, 45.5028035863703], 
              [-122.723056980554, 45.5022172087013]
            ]
          ], 
          [
            [
              [-122.687198477386, 45.5030068180724], 
              [-122.689129624676, 45.5027777661382], 
              [-122.690139763722, 45.5028402350568], 
              [-122.689991213923, 45.5064008450453], 
              [-122.689099915158, 45.5069838470031], 
              [-122.684955396805, 45.5068806476919], 
              [-122.684910808824, 45.5050890678255], 
              [-122.683844145963, 45.5050591648801], 
              [-122.683841250539, 45.5047559123757], 
              [-122.683930380359, 45.5044644008681], 
              [-122.684524579016, 45.5039646624206], 
              [-122.685653558314, 45.5034857425883], 
              [-122.687198477386, 45.5030068180724]
            ]
          ]
        ]
      }, 
      "properties" : {
        "holc_grade" : "B"
      }
    }
  ]
}
